<?xml version="1.0" encoding="UTF-8"?>
<kml xmlns="http://www.opengis.net/kml/2.2">
<Document>
  <name>Tour Route with Airports</name>

  <Style id="cityStyle">
    <IconStyle>
      <color>ff0000ff</color>
      <scale>1.2</scale>
      <Icon><href>http://maps.google.com/mapfiles/kml/paddle/red-circle.png</href></Icon>
    </IconStyle>
  </Style>

  <Style id="airportStyle">
    <IconStyle>
      <color>ffffaa00</color>
      <scale>1.3</scale>
      <Icon><href>http://maps.google.com/mapfiles/kml/paddle/blu-circle.png</href></Icon>
    </IconStyle>
  </Style>

  <Style id="cityLine">
    <LineStyle><color>ff0000ff</color><width>3</width></LineStyle>
  </Style>

  <Style id="airportLine">
    <LineStyle><color>ffffaa00</color><width>3</width></LineStyle>
  </Style>

  <Placemark>
    <name>Liverpool</name>
    <styleUrl>#cityStyle</styleUrl>
    <description>Date: 16-Feb-05 | Miles: </description>
    <Point><coordinates>2.973183931,53.39731755,0.0</coordinates></Point>
  </Placemark>

  <Placemark>
    <name>Liverpool</name>
    <styleUrl>#cityStyle</styleUrl>
    <description>Date: 16-Feb-05 | Miles: </description>
    <Point><coordinates>2.973183931,53.39731755,0.0</coordinates></Point>
  </Placemark>

  <Placemark>
    <name>Liverpool</name>
    <styleUrl>#cityStyle</styleUrl>
    <description>Date: 16-Feb-05 | Miles: </description>
    <Point><coordinates>2.973183931,53.39731755,0.0</coordinates></Point>
  </Placemark>

  <Placemark>
    <name>Liverpool</name>
    <styleUrl>#cityStyle</styleUrl>
    <description>Date: 16-Feb-05 | Miles: </description>
    <Point><coordinates>2.973183931,53.39731755,0.0</coordinates></Point>
  </Placemark>

  <Placemark>
    <name>Leeds</name>
    <styleUrl>#cityStyle</styleUrl>
    <description>Date: 16-Feb-05 | Miles: </description>
    <Point><coordinates>-1.555110999,53.8057925,0.0</coordinates></Point>
  </Placemark>

  <Placemark>
    <name>Leeds</name>
    <styleUrl>#cityStyle</styleUrl>
    <description>Date: 16-Feb-05 | Miles: </description>
    <Point><coordinates>-1.555110999,53.8057925,0.0</coordinates></Point>
  </Placemark>

  <Placemark>
    <name>Cardiff</name>
    <styleUrl>#cityStyle</styleUrl>
    <description>Date: 10-May-05 | Miles: </description>
    <Point><coordinates>-3.1791934,51.4816546,0.0</coordinates></Point>
  </Placemark>

  <Placemark>
    <name>Cardiff</name>
    <styleUrl>#cityStyle</styleUrl>
    <description>Date: 10-May-05 | Miles: </description>
    <Point><coordinates>-3.1791934,51.4816546,0.0</coordinates></Point>
  </Placemark>

  <Placemark>
    <name>Leeds</name>
    <styleUrl>#cityStyle</styleUrl>
    <description>Date: 28-Aug-05 | Miles: </description>
    <Point><coordinates>-1.555110999,53.8057925,0.0</coordinates></Point>
  </Placemark>

  <Placemark>
    <name>Leeds</name>
    <styleUrl>#cityStyle</styleUrl>
    <description>Date: 28-Aug-05 | Miles: </description>
    <Point><coordinates>-1.555110999,53.8057925,0.0</coordinates></Point>
  </Placemark>

  <Placemark>
    <name>Bramham Park , Leeds</name>
    <styleUrl>#cityStyle</styleUrl>
    <description>Date: 28-Aug-05 | Miles: </description>
    <Point><coordinates>-1.378846357,53.86572585,0.0</coordinates></Point>
  </Placemark>

  <Placemark>
    <name>Bramham Park , Leeds</name>
    <styleUrl>#cityStyle</styleUrl>
    <description>Date: 28-Aug-05 | Miles: </description>
    <Point><coordinates>-1.378846357,53.86572585,0.0</coordinates></Point>
  </Placemark>

  <Placemark>
    <name>Liverpool</name>
    <styleUrl>#cityStyle</styleUrl>
    <description>Date: 16-Sep-05 | Miles: </description>
    <Point><coordinates>2.973183931,53.39731755,0.0</coordinates></Point>
  </Placemark>

  <Placemark>
    <name>Liverpool</name>
    <styleUrl>#cityStyle</styleUrl>
    <description>Date: 16-Sep-05 | Miles: </description>
    <Point><coordinates>2.973183931,53.39731755,0.0</coordinates></Point>
  </Placemark>

  <Placemark>
    <name>Liverpool</name>
    <styleUrl>#cityStyle</styleUrl>
    <description>Date: 16-Sep-05 | Miles: </description>
    <Point><coordinates>2.973183931,53.39731755,0.0</coordinates></Point>
  </Placemark>

  <Placemark>
    <name>Liverpool</name>
    <styleUrl>#cityStyle</styleUrl>
    <description>Date: 16-Sep-05 | Miles: None</description>
    <Point><coordinates>2.973183931,53.39731755,0.0</coordinates></Point>
  </Placemark>

  <Placemark>
    <name>Leeds</name>
    <styleUrl>#cityStyle</styleUrl>
    <description>Date: 16-Sep-05 | Miles: None</description>
    <Point><coordinates>-1.555110999,53.8057925,0.0</coordinates></Point>
  </Placemark>

  <Placemark>
    <name>Leeds</name>
    <styleUrl>#cityStyle</styleUrl>
    <description>Date: 16-Sep-05 | Miles: None</description>
    <Point><coordinates>-1.555110999,53.8057925,0.0</coordinates></Point>
  </Placemark>

  <Placemark>
    <name>Cardiff</name>
    <styleUrl>#cityStyle</styleUrl>
    <description>Date: 29-Nov-05 | Miles: None</description>
    <Point><coordinates>-3.1791934,51.4816546,0.0</coordinates></Point>
  </Placemark>

  <Placemark>
    <name>Cardiff</name>
    <styleUrl>#cityStyle</styleUrl>
    <description>Date: 29-Nov-05 | Miles: None</description>
    <Point><coordinates>-3.1791934,51.4816546,0.0</coordinates></Point>
  </Placemark>

  <Placemark>
    <name>Cardiff</name>
    <styleUrl>#cityStyle</styleUrl>
    <description>Date: 29-Nov-05 | Miles: None</description>
    <Point><coordinates>-3.1791934,51.4816546,0.0</coordinates></Point>
  </Placemark>

  <Placemark>
    <name>Cardiff</name>
    <styleUrl>#cityStyle</styleUrl>
    <description>Date: 29-Nov-05 | Miles: None</description>
    <Point><coordinates>-3.1791934,51.4816546,0.0</coordinates></Point>
  </Placemark>

  <Placemark>
    <name>Leeds</name>
    <styleUrl>#cityStyle</styleUrl>
    <description>Date: 29-Nov-05 | Miles: None</description>
    <Point><coordinates>-1.555110999,53.8057925,0.0</coordinates></Point>
  </Placemark>

  <Placemark>
    <name>Leeds</name>
    <styleUrl>#cityStyle</styleUrl>
    <description>Date: 29-Nov-05 | Miles: None</description>
    <Point><coordinates>-1.555110999,53.8057925,0.0</coordinates></Point>
  </Placemark>

  <Placemark>
    <name>Nottingham</name>
    <styleUrl>#cityStyle</styleUrl>
    <description>Date: 10-Jan-06 | Miles: None</description>
    <Point><coordinates>-1.1496461,52.9534193,0.0</coordinates></Point>
  </Placemark>

  <Placemark>
    <name>Nottingham</name>
    <styleUrl>#cityStyle</styleUrl>
    <description>Date: 10-Jan-06 | Miles: None</description>
    <Point><coordinates>-1.1496461,52.9534193,0.0</coordinates></Point>
  </Placemark>

  <Placemark>
    <name>Leeds</name>
    <styleUrl>#cityStyle</styleUrl>
    <description>Date: 10-Feb-06 | Miles: None</description>
    <Point><coordinates>-1.555110999,53.8057925,0.0</coordinates></Point>
  </Placemark>

  <Placemark>
    <name>Leeds</name>
    <styleUrl>#cityStyle</styleUrl>
    <description>Date: 10-Feb-06 | Miles: None</description>
    <Point><coordinates>-1.555110999,53.8057925,0.0</coordinates></Point>
  </Placemark>

  <Placemark>
    <name>Dublin</name>
    <styleUrl>#cityStyle</styleUrl>
    <description>Date: 10-Mar-06 | Miles: None</description>
    <Point><coordinates>-6.247274062,53.42829155,0.0</coordinates></Point>
  </Placemark>

  <Placemark>
    <name>Dublin</name>
    <styleUrl>#cityStyle</styleUrl>
    <description>Date: 10-Mar-06 | Miles: None</description>
    <Point><coordinates>-6.247274062,53.42829155,0.0</coordinates></Point>
  </Placemark>

  <Placemark>
    <name>London</name>
    <styleUrl>#cityStyle</styleUrl>
    <description>Date: 07-Apr-06 | Miles: None</description>
    <Point><coordinates>-0.0919983,51.5156177,0.0</coordinates></Point>
  </Placemark>

  <Placemark>
    <name>London</name>
    <styleUrl>#cityStyle</styleUrl>
    <description>Date: 07-Apr-06 | Miles: None</description>
    <Point><coordinates>-0.0919983,51.5156177,0.0</coordinates></Point>
  </Placemark>

  <Placemark>
    <name>Leeds</name>
    <styleUrl>#cityStyle</styleUrl>
    <description>Date: 10-May-06 | Miles: None</description>
    <Point><coordinates>-1.555110999,53.8057925,0.0</coordinates></Point>
  </Placemark>

  <Placemark>
    <name>Leeds</name>
    <styleUrl>#cityStyle</styleUrl>
    <description>Date: 10-May-06 | Miles: None</description>
    <Point><coordinates>-1.555110999,53.8057925,0.0</coordinates></Point>
  </Placemark>

  <Placemark>
    <name>London</name>
    <styleUrl>#cityStyle</styleUrl>
    <description>Date: 06-Jun-06 | Miles: None</description>
    <Point><coordinates>-0.0919983,51.5156177,0.0</coordinates></Point>
  </Placemark>

  <Placemark>
    <name>London</name>
    <styleUrl>#cityStyle</styleUrl>
    <description>Date: 06-Jun-06 | Miles: None</description>
    <Point><coordinates>-0.0919983,51.5156177,0.0</coordinates></Point>
  </Placemark>

  <Placemark>
    <name>London</name>
    <styleUrl>#cityStyle</styleUrl>
    <description>Date: 07-Jun-06 | Miles: None</description>
    <Point><coordinates>-0.0919983,51.5156177,0.0</coordinates></Point>
  </Placemark>

  <Placemark>
    <name>London</name>
    <styleUrl>#cityStyle</styleUrl>
    <description>Date: 07-Jun-06 | Miles: None</description>
    <Point><coordinates>-0.0919983,51.5156177,0.0</coordinates></Point>
  </Placemark>

  <Placemark>
    <name>London</name>
    <styleUrl>#cityStyle</styleUrl>
    <description>Date: 08-Jun-06 | Miles: None</description>
    <Point><coordinates>-0.0919983,51.5156177,0.0</coordinates></Point>
  </Placemark>

  <Placemark>
    <name>London</name>
    <styleUrl>#cityStyle</styleUrl>
    <description>Date: 08-Jun-06 | Miles: None</description>
    <Point><coordinates>-0.0919983,51.5156177,0.0</coordinates></Point>
  </Placemark>

  <Placemark>
    <name>London</name>
    <styleUrl>#cityStyle</styleUrl>
    <description>Date: 09-Jun-06 | Miles: None</description>
    <Point><coordinates>-0.0919983,51.5156177,0.0</coordinates></Point>
  </Placemark>

  <Placemark>
    <name>London</name>
    <styleUrl>#cityStyle</styleUrl>
    <description>Date: 09-Jun-06 | Miles: None</description>
    <Point><coordinates>-0.0919983,51.5156177,0.0</coordinates></Point>
  </Placemark>

  <Placemark>
    <name>London</name>
    <styleUrl>#cityStyle</styleUrl>
    <description>Date: 17-Jun-06 | Miles: None</description>
    <Point><coordinates>-0.0919983,51.5156177,0.0</coordinates></Point>
  </Placemark>

  <Placemark>
    <name>London</name>
    <styleUrl>#cityStyle</styleUrl>
    <description>Date: 17-Jun-06 | Miles: None</description>
    <Point><coordinates>-0.0919983,51.5156177,0.0</coordinates></Point>
  </Placemark>

  <Placemark>
    <name>London</name>
    <styleUrl>#cityStyle</styleUrl>
    <description>Date: 17-Jun-06 | Miles: None</description>
    <Point><coordinates>-0.0919983,51.5156177,0.0</coordinates></Point>
  </Placemark>

  <Placemark>
    <name>London</name>
    <styleUrl>#cityStyle</styleUrl>
    <description>Date: 17-Jun-06 | Miles: None</description>
    <Point><coordinates>-0.0919983,51.5156177,0.0</coordinates></Point>
  </Placemark>

  <Placemark>
    <name>Leeds</name>
    <styleUrl>#cityStyle</styleUrl>
    <description>Date: 17-Jun-06 | Miles: None</description>
    <Point><coordinates>-1.555110999,53.8057925,0.0</coordinates></Point>
  </Placemark>

  <Placemark>
    <name>Leeds</name>
    <styleUrl>#cityStyle</styleUrl>
    <description>Date: 17-Jun-06 | Miles: None</description>
    <Point><coordinates>-1.555110999,53.8057925,0.0</coordinates></Point>
  </Placemark>

  <Placemark>
    <name>London</name>
    <styleUrl>#cityStyle</styleUrl>
    <description>Date: 04-Jul-06 | Miles: None</description>
    <Point><coordinates>-0.0919983,51.5156177,0.0</coordinates></Point>
  </Placemark>

  <Placemark>
    <name>London</name>
    <styleUrl>#cityStyle</styleUrl>
    <description>Date: 04-Jul-06 | Miles: None</description>
    <Point><coordinates>-0.0919983,51.5156177,0.0</coordinates></Point>
  </Placemark>

  <Placemark>
    <name>London</name>
    <styleUrl>#cityStyle</styleUrl>
    <description>Date: 06-Jul-06 | Miles: None</description>
    <Point><coordinates>-0.0919983,51.5156177,0.0</coordinates></Point>
  </Placemark>

  <Placemark>
    <name>London</name>
    <styleUrl>#cityStyle</styleUrl>
    <description>Date: 06-Jul-06 | Miles: None</description>
    <Point><coordinates>-0.0919983,51.5156177,0.0</coordinates></Point>
  </Placemark>

  <Placemark>
    <name>London</name>
    <styleUrl>#cityStyle</styleUrl>
    <description>Date: 06-Aug-06 | Miles: None</description>
    <Point><coordinates>-0.0919983,51.5156177,0.0</coordinates></Point>
  </Placemark>

  <Placemark>
    <name>London</name>
    <styleUrl>#cityStyle</styleUrl>
    <description>Date: 06-Aug-06 | Miles: None</description>
    <Point><coordinates>-0.0919983,51.5156177,0.0</coordinates></Point>
  </Placemark>

  <Placemark>
    <name>Leeds</name>
    <styleUrl>#cityStyle</styleUrl>
    <description>Date: 06-Sep-06 | Miles: None</description>
    <Point><coordinates>-1.555110999,53.8057925,0.0</coordinates></Point>
  </Placemark>

  <Placemark>
    <name>Leeds</name>
    <styleUrl>#cityStyle</styleUrl>
    <description>Date: 06-Sep-06 | Miles: None</description>
    <Point><coordinates>-1.555110999,53.8057925,0.0</coordinates></Point>
  </Placemark>

  <Placemark>
    <name>Leeds</name>
    <styleUrl>#cityStyle</styleUrl>
    <description>Date: 08-Sep-06 | Miles: None</description>
    <Point><coordinates>-1.555110999,53.8057925,0.0</coordinates></Point>
  </Placemark>

  <Placemark>
    <name>Leeds</name>
    <styleUrl>#cityStyle</styleUrl>
    <description>Date: 08-Sep-06 | Miles: None</description>
    <Point><coordinates>-1.555110999,53.8057925,0.0</coordinates></Point>
  </Placemark>

  <Placemark>
    <name>London</name>
    <styleUrl>#cityStyle</styleUrl>
    <description>Date: 09-Sep-06 | Miles: None</description>
    <Point><coordinates>-0.0919983,51.5156177,0.0</coordinates></Point>
  </Placemark>

  <Placemark>
    <name>London</name>
    <styleUrl>#cityStyle</styleUrl>
    <description>Date: 09-Sep-06 | Miles: None</description>
    <Point><coordinates>-0.0919983,51.5156177,0.0</coordinates></Point>
  </Placemark>

  <Placemark>
    <name>Brighton</name>
    <styleUrl>#cityStyle</styleUrl>
    <description>Date: 26-Sep-06 | Miles: None</description>
    <Point><coordinates>-0.138727619,50.82243585,0.0</coordinates></Point>
  </Placemark>

  <Placemark>
    <name>Brighton</name>
    <styleUrl>#cityStyle</styleUrl>
    <description>Date: 26-Sep-06 | Miles: None</description>
    <Point><coordinates>-0.138727619,50.82243585,0.0</coordinates></Point>
  </Placemark>

  <Placemark>
    <name>Brighton</name>
    <styleUrl>#cityStyle</styleUrl>
    <description>Date: 26-Sep-06 | Miles: None</description>
    <Point><coordinates>-0.138727619,50.82243585,0.0</coordinates></Point>
  </Placemark>

  <Placemark>
    <name>Brighton</name>
    <styleUrl>#cityStyle</styleUrl>
    <description>Date: 26-Sep-06 | Miles: None</description>
    <Point><coordinates>-0.138727619,50.82243585,0.0</coordinates></Point>
  </Placemark>

  <Placemark>
    <name>London</name>
    <styleUrl>#cityStyle</styleUrl>
    <description>Date: 27-Sep-06 | Miles: None</description>
    <Point><coordinates>-0.0919983,51.5156177,0.0</coordinates></Point>
  </Placemark>

  <Placemark>
    <name>London</name>
    <styleUrl>#cityStyle</styleUrl>
    <description>Date: 27-Sep-06 | Miles: None</description>
    <Point><coordinates>-0.0919983,51.5156177,0.0</coordinates></Point>
  </Placemark>

  <Placemark>
    <name>Leeds</name>
    <styleUrl>#cityStyle</styleUrl>
    <description>Date: 27-Sep-06 | Miles: None</description>
    <Point><coordinates>-1.555110999,53.8057925,0.0</coordinates></Point>
  </Placemark>

  <Placemark>
    <name>Leeds</name>
    <styleUrl>#cityStyle</styleUrl>
    <description>Date: 27-Sep-06 | Miles: None</description>
    <Point><coordinates>-1.555110999,53.8057925,0.0</coordinates></Point>
  </Placemark>

  <Placemark>
    <name>Sheffield</name>
    <styleUrl>#cityStyle</styleUrl>
    <description>Date: 29-Sep-06 | Miles: None</description>
    <Point><coordinates>-1.4702278,53.3806626,0.0</coordinates></Point>
  </Placemark>

  <Placemark>
    <name>Sheffield</name>
    <styleUrl>#cityStyle</styleUrl>
    <description>Date: 29-Sep-06 | Miles: None</description>
    <Point><coordinates>-1.4702278,53.3806626,0.0</coordinates></Point>
  </Placemark>

  <Placemark>
    <name>Sheffield</name>
    <styleUrl>#cityStyle</styleUrl>
    <description>Date: 29-Sep-06 | Miles: None</description>
    <Point><coordinates>-1.4702278,53.3806626,0.0</coordinates></Point>
  </Placemark>

  <Placemark>
    <name>Sheffield</name>
    <styleUrl>#cityStyle</styleUrl>
    <description>Date: 29-Sep-06 | Miles: None</description>
    <Point><coordinates>-1.4702278,53.3806626,0.0</coordinates></Point>
  </Placemark>

  <Placemark>
    <name>Leeds</name>
    <styleUrl>#cityStyle</styleUrl>
    <description>Date: 29-Sep-06 | Miles: None</description>
    <Point><coordinates>-1.555110999,53.8057925,0.0</coordinates></Point>
  </Placemark>

  <Placemark>
    <name>Leeds</name>
    <styleUrl>#cityStyle</styleUrl>
    <description>Date: 29-Sep-06 | Miles: None</description>
    <Point><coordinates>-1.555110999,53.8057925,0.0</coordinates></Point>
  </Placemark>

  <Placemark>
    <name>Nottingham</name>
    <styleUrl>#cityStyle</styleUrl>
    <description>Date: 02-Oct-06 | Miles: None</description>
    <Point><coordinates>-1.1496461,52.9534193,0.0</coordinates></Point>
  </Placemark>

  <Placemark>
    <name>Nottingham</name>
    <styleUrl>#cityStyle</styleUrl>
    <description>Date: 02-Oct-06 | Miles: None</description>
    <Point><coordinates>-1.1496461,52.9534193,0.0</coordinates></Point>
  </Placemark>

  <Placemark>
    <name>Dublin</name>
    <styleUrl>#cityStyle</styleUrl>
    <description>Date: 03-Oct-06 | Miles: None</description>
    <Point><coordinates>-6.247274062,53.42829155,0.0</coordinates></Point>
  </Placemark>

  <Placemark>
    <name>Dublin</name>
    <styleUrl>#cityStyle</styleUrl>
    <description>Date: 03-Oct-06 | Miles: None</description>
    <Point><coordinates>-6.247274062,53.42829155,0.0</coordinates></Point>
  </Placemark>

  <Placemark>
    <name>Leeds</name>
    <styleUrl>#cityStyle</styleUrl>
    <description>Date: 05-Oct-06 | Miles: None</description>
    <Point><coordinates>-1.555110999,53.8057925,0.0</coordinates></Point>
  </Placemark>

  <Placemark>
    <name>Leeds</name>
    <styleUrl>#cityStyle</styleUrl>
    <description>Date: 05-Oct-06 | Miles: None</description>
    <Point><coordinates>-1.555110999,53.8057925,0.0</coordinates></Point>
  </Placemark>

  <Placemark>
    <name>Barcelona</name>
    <styleUrl>#cityStyle</styleUrl>
    <description>Date: 16-Oct-06 | Miles: None</description>
    <Point><coordinates>2.177073,41.3825802,0.0</coordinates></Point>
  </Placemark>

  <Placemark>
    <name>Barcelona</name>
    <styleUrl>#cityStyle</styleUrl>
    <description>Date: 16-Oct-06 | Miles: None</description>
    <Point><coordinates>2.177073,41.3825802,0.0</coordinates></Point>
  </Placemark>

  <Placemark>
    <name>Madrid</name>
    <styleUrl>#cityStyle</styleUrl>
    <description>Date: 17-Oct-06 | Miles: None</description>
    <Point><coordinates>-3.7035825,40.4167047,0.0</coordinates></Point>
  </Placemark>

  <Placemark>
    <name>Madrid</name>
    <styleUrl>#cityStyle</styleUrl>
    <description>Date: 17-Oct-06 | Miles: None</description>
    <Point><coordinates>-3.7035825,40.4167047,0.0</coordinates></Point>
  </Placemark>

  <Placemark>
    <name>Bilbao</name>
    <styleUrl>#cityStyle</styleUrl>
    <description>Date: 18-Oct-06 | Miles: None</description>
    <Point><coordinates>-2.9350039,43.2630018,0.0</coordinates></Point>
  </Placemark>

  <Placemark>
    <name>Bilbao</name>
    <styleUrl>#cityStyle</styleUrl>
    <description>Date: 18-Oct-06 | Miles: None</description>
    <Point><coordinates>-2.9350039,43.2630018,0.0</coordinates></Point>
  </Placemark>

  <Placemark>
    <name>Paris</name>
    <styleUrl>#cityStyle</styleUrl>
    <description>Date: 20-Oct-06 | Miles: None</description>
    <Point><coordinates>2.336525398,48.8365091,0.0</coordinates></Point>
  </Placemark>

  <Placemark>
    <name>Paris</name>
    <styleUrl>#cityStyle</styleUrl>
    <description>Date: 20-Oct-06 | Miles: None</description>
    <Point><coordinates>2.336525398,48.8365091,0.0</coordinates></Point>
  </Placemark>

  <Placemark>
    <name>Cardiff</name>
    <styleUrl>#cityStyle</styleUrl>
    <description>Date: 14-Nov-06 | Miles: None</description>
    <Point><coordinates>-3.1791934,51.4816546,0.0</coordinates></Point>
  </Placemark>

  <Placemark>
    <name>Cardiff</name>
    <styleUrl>#cityStyle</styleUrl>
    <description>Date: 14-Nov-06 | Miles: None</description>
    <Point><coordinates>-3.1791934,51.4816546,0.0</coordinates></Point>
  </Placemark>

  <Placemark>
    <name>Cardiff</name>
    <styleUrl>#cityStyle</styleUrl>
    <description>Date: 14-Nov-06 | Miles: None</description>
    <Point><coordinates>-3.1791934,51.4816546,0.0</coordinates></Point>
  </Placemark>

  <Placemark>
    <name>Cardiff</name>
    <styleUrl>#cityStyle</styleUrl>
    <description>Date: 14-Nov-06 | Miles: None</description>
    <Point><coordinates>-3.1791934,51.4816546,0.0</coordinates></Point>
  </Placemark>

  <Placemark>
    <name>Leeds</name>
    <styleUrl>#cityStyle</styleUrl>
    <description>Date: 14-Nov-06 | Miles: None</description>
    <Point><coordinates>-1.555110999,53.8057925,0.0</coordinates></Point>
  </Placemark>

  <Placemark>
    <name>Leeds</name>
    <styleUrl>#cityStyle</styleUrl>
    <description>Date: 14-Nov-06 | Miles: None</description>
    <Point><coordinates>-1.555110999,53.8057925,0.0</coordinates></Point>
  </Placemark>

  <Placemark>
    <name>Portsmouth</name>
    <styleUrl>#cityStyle</styleUrl>
    <description>Date: 15-Nov-06 | Miles: None</description>
    <Point><coordinates>-1.096896755,50.79144385,0.0</coordinates></Point>
  </Placemark>

  <Placemark>
    <name>Portsmouth</name>
    <styleUrl>#cityStyle</styleUrl>
    <description>Date: 15-Nov-06 | Miles: None</description>
    <Point><coordinates>-1.096896755,50.79144385,0.0</coordinates></Point>
  </Placemark>

  <Placemark>
    <name>Leeds</name>
    <styleUrl>#cityStyle</styleUrl>
    <description>Date: 15-Nov-06 | Miles: None</description>
    <Point><coordinates>-1.555110999,53.8057925,0.0</coordinates></Point>
  </Placemark>

  <Placemark>
    <name>Leeds</name>
    <styleUrl>#cityStyle</styleUrl>
    <description>Date: 15-Nov-06 | Miles: None</description>
    <Point><coordinates>-1.555110999,53.8057925,0.0</coordinates></Point>
  </Placemark>

  <Placemark>
    <name>Leeds</name>
    <styleUrl>#cityStyle</styleUrl>
    <description>Date: 16-Nov-06 | Miles: None</description>
    <Point><coordinates>-1.555110999,53.8057925,0.0</coordinates></Point>
  </Placemark>

  <Placemark>
    <name>Leeds</name>
    <styleUrl>#cityStyle</styleUrl>
    <description>Date: 16-Nov-06 | Miles: None</description>
    <Point><coordinates>-1.555110999,53.8057925,0.0</coordinates></Point>
  </Placemark>

  <Placemark>
    <name>Newcastle</name>
    <styleUrl>#cityStyle</styleUrl>
    <description>Date: 16-Nov-06 | Miles: None</description>
    <Point><coordinates>-1.6131572,54.9738474,0.0</coordinates></Point>
  </Placemark>

  <Placemark>
    <name>Newcastle</name>
    <styleUrl>#cityStyle</styleUrl>
    <description>Date: 16-Nov-06 | Miles: None</description>
    <Point><coordinates>-1.6131572,54.9738474,0.0</coordinates></Point>
  </Placemark>

  <Placemark>
    <name>Newcastle</name>
    <styleUrl>#cityStyle</styleUrl>
    <description>Date: 16-Nov-06 | Miles: None</description>
    <Point><coordinates>-1.6131572,54.9738474,0.0</coordinates></Point>
  </Placemark>

  <Placemark>
    <name>Newcastle</name>
    <styleUrl>#cityStyle</styleUrl>
    <description>Date: 16-Nov-06 | Miles: None</description>
    <Point><coordinates>-1.6131572,54.9738474,0.0</coordinates></Point>
  </Placemark>

  <Placemark>
    <name>London</name>
    <styleUrl>#cityStyle</styleUrl>
    <description>Date: 23-Nov-06 | Miles: None</description>
    <Point><coordinates>-0.0919983,51.5156177,0.0</coordinates></Point>
  </Placemark>

  <Placemark>
    <name>London</name>
    <styleUrl>#cityStyle</styleUrl>
    <description>Date: 23-Nov-06 | Miles: None</description>
    <Point><coordinates>-0.0919983,51.5156177,0.0</coordinates></Point>
  </Placemark>

  <Placemark>
    <name>London</name>
    <styleUrl>#cityStyle</styleUrl>
    <description>Date: 23-Nov-06 | Miles: None</description>
    <Point><coordinates>-0.0919983,51.5156177,0.0</coordinates></Point>
  </Placemark>

  <Placemark>
    <name>London</name>
    <styleUrl>#cityStyle</styleUrl>
    <description>Date: 23-Nov-06 | Miles: None</description>
    <Point><coordinates>-0.0919983,51.5156177,0.0</coordinates></Point>
  </Placemark>

  <Placemark>
    <name>London</name>
    <styleUrl>#cityStyle</styleUrl>
    <description>Date: 21-Jan-07 | Miles: None</description>
    <Point><coordinates>-0.0919983,51.5156177,0.0</coordinates></Point>
  </Placemark>

  <Placemark>
    <name>London</name>
    <styleUrl>#cityStyle</styleUrl>
    <description>Date: 21-Jan-07 | Miles: None</description>
    <Point><coordinates>-0.0919983,51.5156177,0.0</coordinates></Point>
  </Placemark>

  <Placemark>
    <name>Belfast</name>
    <styleUrl>#cityStyle</styleUrl>
    <description>Date: 05-Feb-07 | Miles: None</description>
    <Point><coordinates>-5.9301829,54.596391,0.0</coordinates></Point>
  </Placemark>

  <Placemark>
    <name>Belfast</name>
    <styleUrl>#cityStyle</styleUrl>
    <description>Date: 05-Feb-07 | Miles: None</description>
    <Point><coordinates>-5.9301829,54.596391,0.0</coordinates></Point>
  </Placemark>

  <Placemark>
    <name>Dublin</name>
    <styleUrl>#cityStyle</styleUrl>
    <description>Date: 05-Mar-07 | Miles: None</description>
    <Point><coordinates>-6.247274062,53.42829155,0.0</coordinates></Point>
  </Placemark>

  <Placemark>
    <name>Dublin</name>
    <styleUrl>#cityStyle</styleUrl>
    <description>Date: 05-Mar-07 | Miles: None</description>
    <Point><coordinates>-6.247274062,53.42829155,0.0</coordinates></Point>
  </Placemark>

  <Placemark>
    <name>Leeds</name>
    <styleUrl>#cityStyle</styleUrl>
    <description>Date: 05-Apr-07 | Miles: None</description>
    <Point><coordinates>-1.555110999,53.8057925,0.0</coordinates></Point>
  </Placemark>

  <Placemark>
    <name>Leeds</name>
    <styleUrl>#cityStyle</styleUrl>
    <description>Date: 05-Apr-07 | Miles: None</description>
    <Point><coordinates>-1.555110999,53.8057925,0.0</coordinates></Point>
  </Placemark>

  <Placemark>
    <name>Portsmouth</name>
    <styleUrl>#cityStyle</styleUrl>
    <description>Date: 25-Apr-07 | Miles: None</description>
    <Point><coordinates>-1.096896755,50.79144385,0.0</coordinates></Point>
  </Placemark>

  <Placemark>
    <name>Portsmouth</name>
    <styleUrl>#cityStyle</styleUrl>
    <description>Date: 25-Apr-07 | Miles: None</description>
    <Point><coordinates>-1.096896755,50.79144385,0.0</coordinates></Point>
  </Placemark>

  <Placemark>
    <name>London</name>
    <styleUrl>#cityStyle</styleUrl>
    <description>Date: 25-Apr-07 | Miles: None</description>
    <Point><coordinates>-0.0919983,51.5156177,0.0</coordinates></Point>
  </Placemark>

  <Placemark>
    <name>London</name>
    <styleUrl>#cityStyle</styleUrl>
    <description>Date: 25-Apr-07 | Miles: None</description>
    <Point><coordinates>-0.0919983,51.5156177,0.0</coordinates></Point>
  </Placemark>

  <Placemark>
    <name>London</name>
    <styleUrl>#cityStyle</styleUrl>
    <description>Date: 27-Apr-07 | Miles: None</description>
    <Point><coordinates>-0.0919983,51.5156177,0.0</coordinates></Point>
  </Placemark>

  <Placemark>
    <name>London</name>
    <styleUrl>#cityStyle</styleUrl>
    <description>Date: 27-Apr-07 | Miles: None</description>
    <Point><coordinates>-0.0919983,51.5156177,0.0</coordinates></Point>
  </Placemark>

  <Placemark>
    <name>London</name>
    <styleUrl>#cityStyle</styleUrl>
    <description>Date: 27-Apr-07 | Miles: None</description>
    <Point><coordinates>-0.0919983,51.5156177,0.0</coordinates></Point>
  </Placemark>

  <Placemark>
    <name>London</name>
    <styleUrl>#cityStyle</styleUrl>
    <description>Date: 27-Apr-07 | Miles: None</description>
    <Point><coordinates>-0.0919983,51.5156177,0.0</coordinates></Point>
  </Placemark>

  <Placemark>
    <name>Leeds</name>
    <styleUrl>#cityStyle</styleUrl>
    <description>Date: 28-Apr-07 | Miles: None</description>
    <Point><coordinates>-1.555110999,53.8057925,0.0</coordinates></Point>
  </Placemark>

  <Placemark>
    <name>Leeds</name>
    <styleUrl>#cityStyle</styleUrl>
    <description>Date: 28-Apr-07 | Miles: None</description>
    <Point><coordinates>-1.555110999,53.8057925,0.0</coordinates></Point>
  </Placemark>

  <Placemark>
    <name>Belfast</name>
    <styleUrl>#cityStyle</styleUrl>
    <description>Date: 02-May-07 | Miles: None</description>
    <Point><coordinates>-5.9301829,54.596391,0.0</coordinates></Point>
  </Placemark>

  <Placemark>
    <name>Belfast</name>
    <styleUrl>#cityStyle</styleUrl>
    <description>Date: 02-May-07 | Miles: None</description>
    <Point><coordinates>-5.9301829,54.596391,0.0</coordinates></Point>
  </Placemark>

  <Placemark>
    <name>Dublin</name>
    <styleUrl>#cityStyle</styleUrl>
    <description>Date: 03-May-07 | Miles: None</description>
    <Point><coordinates>-6.247274062,53.42829155,0.0</coordinates></Point>
  </Placemark>

  <Placemark>
    <name>Dublin</name>
    <styleUrl>#cityStyle</styleUrl>
    <description>Date: 03-May-07 | Miles: None</description>
    <Point><coordinates>-6.247274062,53.42829155,0.0</coordinates></Point>
  </Placemark>

  <Placemark>
    <name>San Diego, California</name>
    <styleUrl>#cityStyle</styleUrl>
    <description>Date: 12-Jun-07 | Miles: None</description>
    <Point><coordinates>-117.1543311,32.71979425,0.0</coordinates></Point>
  </Placemark>

  <Placemark>
    <name>San Diego, California</name>
    <styleUrl>#cityStyle</styleUrl>
    <description>Date: 12-Jun-07 | Miles: None</description>
    <Point><coordinates>-117.1543311,32.71979425,0.0</coordinates></Point>
  </Placemark>

  <Placemark>
    <name>Bilbao</name>
    <styleUrl>#cityStyle</styleUrl>
    <description>Date: 20-Jun-07 | Miles: None</description>
    <Point><coordinates>-2.9350039,43.2630018,0.0</coordinates></Point>
  </Placemark>

  <Placemark>
    <name>Bilbao</name>
    <styleUrl>#cityStyle</styleUrl>
    <description>Date: 20-Jun-07 | Miles: None</description>
    <Point><coordinates>-2.9350039,43.2630018,0.0</coordinates></Point>
  </Placemark>

  <Placemark>
    <name>Bilbao</name>
    <styleUrl>#cityStyle</styleUrl>
    <description>Date: 20-Jun-07 | Miles: None</description>
    <Point><coordinates>-2.9350039,43.2630018,0.0</coordinates></Point>
  </Placemark>

  <Placemark>
    <name>Bilbao</name>
    <styleUrl>#cityStyle</styleUrl>
    <description>Date: 20-Jun-07 | Miles: None</description>
    <Point><coordinates>-2.9350039,43.2630018,0.0</coordinates></Point>
  </Placemark>

  <Placemark>
    <name>Bilbao</name>
    <styleUrl>#cityStyle</styleUrl>
    <description>Date: 21-Jun-07 | Miles: None</description>
    <Point><coordinates>-2.9350039,43.2630018,0.0</coordinates></Point>
  </Placemark>

  <Placemark>
    <name>Bilbao</name>
    <styleUrl>#cityStyle</styleUrl>
    <description>Date: 21-Jun-07 | Miles: None</description>
    <Point><coordinates>-2.9350039,43.2630018,0.0</coordinates></Point>
  </Placemark>

  <Placemark>
    <name>London</name>
    <styleUrl>#cityStyle</styleUrl>
    <description>Date: 23-Jun-07 | Miles: None</description>
    <Point><coordinates>-0.0919983,51.5156177,0.0</coordinates></Point>
  </Placemark>

  <Placemark>
    <name>London</name>
    <styleUrl>#cityStyle</styleUrl>
    <description>Date: 23-Jun-07 | Miles: None</description>
    <Point><coordinates>-0.0919983,51.5156177,0.0</coordinates></Point>
  </Placemark>

  <Placemark>
    <name>Leeds</name>
    <styleUrl>#cityStyle</styleUrl>
    <description>Date: 25-Jun-07 | Miles: None</description>
    <Point><coordinates>-1.555110999,53.8057925,0.0</coordinates></Point>
  </Placemark>

  <Placemark>
    <name>Leeds</name>
    <styleUrl>#cityStyle</styleUrl>
    <description>Date: 25-Jun-07 | Miles: None</description>
    <Point><coordinates>-1.555110999,53.8057925,0.0</coordinates></Point>
  </Placemark>

  <Placemark>
    <name>Minneapolis,Â Minnesota</name>
    <styleUrl>#cityStyle</styleUrl>
    <description>Date: 16-Jul-07 | Miles: None</description>
    <Point><coordinates>-93.22092805,44.87801905,0.0</coordinates></Point>
  </Placemark>

  <Placemark>
    <name>Minneapolis,Â Minnesota</name>
    <styleUrl>#cityStyle</styleUrl>
    <description>Date: 16-Jul-07 | Miles: None</description>
    <Point><coordinates>-93.22092805,44.87801905,0.0</coordinates></Point>
  </Placemark>

  <Placemark>
    <name>Minneapolis,Â Minnesota</name>
    <styleUrl>#cityStyle</styleUrl>
    <description>Date: 16-Jul-07 | Miles: None</description>
    <Point><coordinates>-93.22092805,44.87801905,0.0</coordinates></Point>
  </Placemark>

  <Placemark>
    <name>Minneapolis,Â Minnesota</name>
    <styleUrl>#cityStyle</styleUrl>
    <description>Date: 16-Jul-07 | Miles: None</description>
    <Point><coordinates>-93.22092805,44.87801905,0.0</coordinates></Point>
  </Placemark>

  <Placemark>
    <name>New York</name>
    <styleUrl>#cityStyle</styleUrl>
    <description>Date: 19-Jul-07 | Miles: None</description>
    <Point><coordinates>-73.99501481,40.7292053,0.0</coordinates></Point>
  </Placemark>

  <Placemark>
    <name>New York</name>
    <styleUrl>#cityStyle</styleUrl>
    <description>Date: 19-Jul-07 | Miles: None</description>
    <Point><coordinates>-73.99501481,40.7292053,0.0</coordinates></Point>
  </Placemark>

  <Placemark>
    <name>Buffalo, NY</name>
    <styleUrl>#cityStyle</styleUrl>
    <description>Date: 20-Jul-07 | Miles: None</description>
    <Point><coordinates>-78.8783922,42.8867166,0.0</coordinates></Point>
  </Placemark>

  <Placemark>
    <name>Buffalo, NY</name>
    <styleUrl>#cityStyle</styleUrl>
    <description>Date: 20-Jul-07 | Miles: None</description>
    <Point><coordinates>-78.8783922,42.8867166,0.0</coordinates></Point>
  </Placemark>

  <Placemark>
    <name>Buffalo, NY</name>
    <styleUrl>#cityStyle</styleUrl>
    <description>Date: 21-Jul-07 | Miles: None</description>
    <Point><coordinates>-78.8783922,42.8867166,0.0</coordinates></Point>
  </Placemark>

  <Placemark>
    <name>Buffalo, NY</name>
    <styleUrl>#cityStyle</styleUrl>
    <description>Date: 21-Jul-07 | Miles: None</description>
    <Point><coordinates>-78.8783922,42.8867166,0.0</coordinates></Point>
  </Placemark>

  <Placemark>
    <name>Boston, Massachusetts</name>
    <styleUrl>#cityStyle</styleUrl>
    <description>Date: 24-Jul-07 | Miles: None</description>
    <Point><coordinates>-71.03871321,42.314068,0.0</coordinates></Point>
  </Placemark>

  <Placemark>
    <name>Boston, Massachusetts</name>
    <styleUrl>#cityStyle</styleUrl>
    <description>Date: 24-Jul-07 | Miles: None</description>
    <Point><coordinates>-71.03871321,42.314068,0.0</coordinates></Point>
  </Placemark>

  <Placemark>
    <name>Niigata, Japan</name>
    <styleUrl>#cityStyle</styleUrl>
    <description>Date: 28-Jul-07 | Miles: None</description>
    <Point><coordinates>139.0365062,37.9163757,0.0</coordinates></Point>
  </Placemark>

  <Placemark>
    <name>Niigata, Japan</name>
    <styleUrl>#cityStyle</styleUrl>
    <description>Date: 28-Jul-07 | Miles: None</description>
    <Point><coordinates>139.0365062,37.9163757,0.0</coordinates></Point>
  </Placemark>

  <Placemark>
    <name>NY NY</name>
    <styleUrl>#cityStyle</styleUrl>
    <description>Date: 31-Jul-07 | Miles: None</description>
    <Point><coordinates>-73.99501481,40.7292053,0.0</coordinates></Point>
  </Placemark>

  <Placemark>
    <name>NY NY</name>
    <styleUrl>#cityStyle</styleUrl>
    <description>Date: 31-Jul-07 | Miles: None</description>
    <Point><coordinates>-73.99501481,40.7292053,0.0</coordinates></Point>
  </Placemark>

  <Placemark>
    <name>New York</name>
    <styleUrl>#cityStyle</styleUrl>
    <description>Date: 01-Aug-07 | Miles: None</description>
    <Point><coordinates>-73.99501481,40.7292053,0.0</coordinates></Point>
  </Placemark>

  <Placemark>
    <name>New York</name>
    <styleUrl>#cityStyle</styleUrl>
    <description>Date: 01-Aug-07 | Miles: None</description>
    <Point><coordinates>-73.99501481,40.7292053,0.0</coordinates></Point>
  </Placemark>

  <Placemark>
    <name>West Hollywood, California</name>
    <styleUrl>#cityStyle</styleUrl>
    <description>Date: 12-Aug-07 | Miles: None</description>
    <Point><coordinates>-118.3090574,34.1015578,0.0</coordinates></Point>
  </Placemark>

  <Placemark>
    <name>West Hollywood, California</name>
    <styleUrl>#cityStyle</styleUrl>
    <description>Date: 12-Aug-07 | Miles: None</description>
    <Point><coordinates>-118.3090574,34.1015578,0.0</coordinates></Point>
  </Placemark>

  <Placemark>
    <name>Chelmsford</name>
    <styleUrl>#cityStyle</styleUrl>
    <description>Date: 18-Aug-07 | Miles: None</description>
    <Point><coordinates>0.4730532,51.7345329,0.0</coordinates></Point>
  </Placemark>

  <Placemark>
    <name>Chelmsford</name>
    <styleUrl>#cityStyle</styleUrl>
    <description>Date: 18-Aug-07 | Miles: None</description>
    <Point><coordinates>0.4730532,51.7345329,0.0</coordinates></Point>
  </Placemark>

  <Placemark>
    <name>Staffordshire</name>
    <styleUrl>#cityStyle</styleUrl>
    <description>Date: 19-Aug-07 | Miles: None</description>
    <Point><coordinates>-2.1477653,52.9033037,0.0</coordinates></Point>
  </Placemark>

  <Placemark>
    <name>Staffordshire</name>
    <styleUrl>#cityStyle</styleUrl>
    <description>Date: 19-Aug-07 | Miles: None</description>
    <Point><coordinates>-2.1477653,52.9033037,0.0</coordinates></Point>
  </Placemark>

  <Placemark>
    <name>Newquay</name>
    <styleUrl>#cityStyle</styleUrl>
    <description>Date: 21-Aug-07 | Miles: None</description>
    <Point><coordinates>-5.0848836,50.4134414,0.0</coordinates></Point>
  </Placemark>

  <Placemark>
    <name>Newquay</name>
    <styleUrl>#cityStyle</styleUrl>
    <description>Date: 21-Aug-07 | Miles: None</description>
    <Point><coordinates>-5.0848836,50.4134414,0.0</coordinates></Point>
  </Placemark>

  <Placemark>
    <name>Yeovil</name>
    <styleUrl>#cityStyle</styleUrl>
    <description>Date: 22-Aug-07 | Miles: None</description>
    <Point><coordinates>-2.6318629,50.9420451,0.0</coordinates></Point>
  </Placemark>

  <Placemark>
    <name>Yeovil</name>
    <styleUrl>#cityStyle</styleUrl>
    <description>Date: 22-Aug-07 | Miles: None</description>
    <Point><coordinates>-2.6318629,50.9420451,0.0</coordinates></Point>
  </Placemark>

  <Placemark>
    <name>Harewood, Leeds</name>
    <styleUrl>#cityStyle</styleUrl>
    <description>Date: 31-Aug-07 | Miles: None</description>
    <Point><coordinates>-1.5272754,53.8969152,0.0</coordinates></Point>
  </Placemark>

  <Placemark>
    <name>Harewood, Leeds</name>
    <styleUrl>#cityStyle</styleUrl>
    <description>Date: 31-Aug-07 | Miles: None</description>
    <Point><coordinates>-1.5272754,53.8969152,0.0</coordinates></Point>
  </Placemark>

  <Placemark>
    <name>Morrison, Colorado</name>
    <styleUrl>#cityStyle</styleUrl>
    <description>Date: 14-Sep-07 | Miles: None</description>
    <Point><coordinates>-105.191099,39.6535988,0.0</coordinates></Point>
  </Placemark>

  <Placemark>
    <name>Morrison, Colorado</name>
    <styleUrl>#cityStyle</styleUrl>
    <description>Date: 14-Sep-07 | Miles: None</description>
    <Point><coordinates>-105.191099,39.6535988,0.0</coordinates></Point>
  </Placemark>

  <Placemark>
    <name>London</name>
    <styleUrl>#cityStyle</styleUrl>
    <description>Date: 30-Sep-07 | Miles: None</description>
    <Point><coordinates>-0.0919983,51.5156177,0.0</coordinates></Point>
  </Placemark>

  <Placemark>
    <name>London</name>
    <styleUrl>#cityStyle</styleUrl>
    <description>Date: 30-Sep-07 | Miles: None</description>
    <Point><coordinates>-0.0919983,51.5156177,0.0</coordinates></Point>
  </Placemark>

  <Placemark>
    <name>London</name>
    <styleUrl>#cityStyle</styleUrl>
    <description>Date: 07-Oct-07 | Miles: None</description>
    <Point><coordinates>-0.0919983,51.5156177,0.0</coordinates></Point>
  </Placemark>

  <Placemark>
    <name>London</name>
    <styleUrl>#cityStyle</styleUrl>
    <description>Date: 07-Oct-07 | Miles: None</description>
    <Point><coordinates>-0.0919983,51.5156177,0.0</coordinates></Point>
  </Placemark>

  <Placemark>
    <name>London</name>
    <styleUrl>#cityStyle</styleUrl>
    <description>Date: 09-Oct-07 | Miles: None</description>
    <Point><coordinates>-0.0919983,51.5156177,0.0</coordinates></Point>
  </Placemark>

  <Placemark>
    <name>London</name>
    <styleUrl>#cityStyle</styleUrl>
    <description>Date: 09-Oct-07 | Miles: None</description>
    <Point><coordinates>-0.0919983,51.5156177,0.0</coordinates></Point>
  </Placemark>

  <Placemark>
    <name>New York</name>
    <styleUrl>#cityStyle</styleUrl>
    <description>Date: 10-Oct-07 | Miles: None</description>
    <Point><coordinates>-73.99501481,40.7292053,0.0</coordinates></Point>
  </Placemark>

  <Placemark>
    <name>New York</name>
    <styleUrl>#cityStyle</styleUrl>
    <description>Date: 10-Oct-07 | Miles: None</description>
    <Point><coordinates>-73.99501481,40.7292053,0.0</coordinates></Point>
  </Placemark>

  <Placemark>
    <name>Tucson, AZ 85705</name>
    <styleUrl>#cityStyle</styleUrl>
    <description>Date: 19-Oct-07 | Miles: None</description>
    <Point><coordinates>-110.9753399,32.28915675,0.0</coordinates></Point>
  </Placemark>

  <Placemark>
    <name>Tucson, AZ 85705</name>
    <styleUrl>#cityStyle</styleUrl>
    <description>Date: 19-Oct-07 | Miles: None</description>
    <Point><coordinates>-110.9753399,32.28915675,0.0</coordinates></Point>
  </Placemark>

  <Placemark>
    <name>Tucson, AZ 85705</name>
    <styleUrl>#cityStyle</styleUrl>
    <description>Date: 19-Oct-07 | Miles: None</description>
    <Point><coordinates>-110.9753399,32.28915675,0.0</coordinates></Point>
  </Placemark>

  <Placemark>
    <name>Tucson, AZ 85705</name>
    <styleUrl>#cityStyle</styleUrl>
    <description>Date: 19-Oct-07 | Miles: None</description>
    <Point><coordinates>-110.9753399,32.28915675,0.0</coordinates></Point>
  </Placemark>

  <Placemark>
    <name>Austin</name>
    <styleUrl>#cityStyle</styleUrl>
    <description>Date: 20-Oct-07 | Miles: None</description>
    <Point><coordinates>-97.73393515,30.2851494,0.0</coordinates></Point>
  </Placemark>

  <Placemark>
    <name>Austin</name>
    <styleUrl>#cityStyle</styleUrl>
    <description>Date: 20-Oct-07 | Miles: None</description>
    <Point><coordinates>-97.73393515,30.2851494,0.0</coordinates></Point>
  </Placemark>

  <Placemark>
    <name>Phoenix</name>
    <styleUrl>#cityStyle</styleUrl>
    <description>Date: 20-Oct-07 | Miles: None</description>
    <Point><coordinates>-112.074141,33.4484367,0.0</coordinates></Point>
  </Placemark>

  <Placemark>
    <name>Phoenix</name>
    <styleUrl>#cityStyle</styleUrl>
    <description>Date: 20-Oct-07 | Miles: None</description>
    <Point><coordinates>-112.074141,33.4484367,0.0</coordinates></Point>
  </Placemark>

  <Placemark>
    <name>Albuquerque, NM 87102</name>
    <styleUrl>#cityStyle</styleUrl>
    <description>Date: 21-Oct-07 | Miles: None</description>
    <Point><coordinates>-106.650985,35.0841034,0.0</coordinates></Point>
  </Placemark>

  <Placemark>
    <name>Albuquerque, NM 87102</name>
    <styleUrl>#cityStyle</styleUrl>
    <description>Date: 21-Oct-07 | Miles: None</description>
    <Point><coordinates>-106.650985,35.0841034,0.0</coordinates></Point>
  </Placemark>

  <Placemark>
    <name>Austin</name>
    <styleUrl>#cityStyle</styleUrl>
    <description>Date: 22-Oct-07 | Miles: None</description>
    <Point><coordinates>-97.73393515,30.2851494,0.0</coordinates></Point>
  </Placemark>

  <Placemark>
    <name>Austin</name>
    <styleUrl>#cityStyle</styleUrl>
    <description>Date: 22-Oct-07 | Miles: None</description>
    <Point><coordinates>-97.73393515,30.2851494,0.0</coordinates></Point>
  </Placemark>

  <Placemark>
    <name>ALBUQUERQUE</name>
    <styleUrl>#cityStyle</styleUrl>
    <description>Date: 22-Oct-07 | Miles: None</description>
    <Point><coordinates>-106.650985,35.0841034,0.0</coordinates></Point>
  </Placemark>

  <Placemark>
    <name>ALBUQUERQUE</name>
    <styleUrl>#cityStyle</styleUrl>
    <description>Date: 22-Oct-07 | Miles: None</description>
    <Point><coordinates>-106.650985,35.0841034,0.0</coordinates></Point>
  </Placemark>

  <Placemark>
    <name>Austin, TX 78701</name>
    <styleUrl>#cityStyle</styleUrl>
    <description>Date: 23-Oct-07 | Miles: None</description>
    <Point><coordinates>-97.73393515,30.2851494,0.0</coordinates></Point>
  </Placemark>

  <Placemark>
    <name>Austin, TX 78701</name>
    <styleUrl>#cityStyle</styleUrl>
    <description>Date: 23-Oct-07 | Miles: None</description>
    <Point><coordinates>-97.73393515,30.2851494,0.0</coordinates></Point>
  </Placemark>

  <Placemark>
    <name>Ft Lauderdale, FL 33306</name>
    <styleUrl>#cityStyle</styleUrl>
    <description>Date: 30-Oct-07 | Miles: None</description>
    <Point><coordinates>-80.1135854,26.13697285,0.0</coordinates></Point>
  </Placemark>

  <Placemark>
    <name>Ft Lauderdale, FL 33306</name>
    <styleUrl>#cityStyle</styleUrl>
    <description>Date: 30-Oct-07 | Miles: None</description>
    <Point><coordinates>-80.1135854,26.13697285,0.0</coordinates></Point>
  </Placemark>

  <Placemark>
    <name>Orlando, FL 32801</name>
    <styleUrl>#cityStyle</styleUrl>
    <description>Date: 31-Oct-07 | Miles: None</description>
    <Point><coordinates>-81.3790304,28.5421109,0.0</coordinates></Point>
  </Placemark>

  <Placemark>
    <name>Orlando, FL 32801</name>
    <styleUrl>#cityStyle</styleUrl>
    <description>Date: 31-Oct-07 | Miles: None</description>
    <Point><coordinates>-81.3790304,28.5421109,0.0</coordinates></Point>
  </Placemark>

  <Placemark>
    <name>Atlanta Georgia</name>
    <styleUrl>#cityStyle</styleUrl>
    <description>Date: 01-Nov-07 | Miles: None</description>
    <Point><coordinates>-84.3898151,33.7544657,0.0</coordinates></Point>
  </Placemark>

  <Placemark>
    <name>Atlanta Georgia</name>
    <styleUrl>#cityStyle</styleUrl>
    <description>Date: 01-Nov-07 | Miles: None</description>
    <Point><coordinates>-84.3898151,33.7544657,0.0</coordinates></Point>
  </Placemark>

  <Placemark>
    <name>Athens, Georgia</name>
    <styleUrl>#cityStyle</styleUrl>
    <description>Date: 02-Nov-07 | Miles: None</description>
    <Point><coordinates>-83.40820313,33.96158629,0.0</coordinates></Point>
  </Placemark>

  <Placemark>
    <name>Athens, Georgia</name>
    <styleUrl>#cityStyle</styleUrl>
    <description>Date: 02-Nov-07 | Miles: None</description>
    <Point><coordinates>-83.40820313,33.96158629,0.0</coordinates></Point>
  </Placemark>

  <Placemark>
    <name>Chapel Hill, North Carolina</name>
    <styleUrl>#cityStyle</styleUrl>
    <description>Date: 03-Nov-07 | Miles: None</description>
    <Point><coordinates>-79.05578,35.9131542,0.0</coordinates></Point>
  </Placemark>

  <Placemark>
    <name>Chapel Hill, North Carolina</name>
    <styleUrl>#cityStyle</styleUrl>
    <description>Date: 03-Nov-07 | Miles: None</description>
    <Point><coordinates>-79.05578,35.9131542,0.0</coordinates></Point>
  </Placemark>

  <Placemark>
    <name>Philadelphia, Pennsylvania</name>
    <styleUrl>#cityStyle</styleUrl>
    <description>Date: 05-Nov-07 | Miles: None</description>
    <Point><coordinates>-75.16298929,39.9527237,0.0</coordinates></Point>
  </Placemark>

  <Placemark>
    <name>Philadelphia, Pennsylvania</name>
    <styleUrl>#cityStyle</styleUrl>
    <description>Date: 05-Nov-07 | Miles: None</description>
    <Point><coordinates>-75.16298929,39.9527237,0.0</coordinates></Point>
  </Placemark>

  <Placemark>
    <name>Boston, Massachusetts</name>
    <styleUrl>#cityStyle</styleUrl>
    <description>Date: 06-Nov-07 | Miles: None</description>
    <Point><coordinates>-71.03871321,42.314068,0.0</coordinates></Point>
  </Placemark>

  <Placemark>
    <name>Boston, Massachusetts</name>
    <styleUrl>#cityStyle</styleUrl>
    <description>Date: 06-Nov-07 | Miles: None</description>
    <Point><coordinates>-71.03871321,42.314068,0.0</coordinates></Point>
  </Placemark>

  <Placemark>
    <name>Washington D.C.</name>
    <styleUrl>#cityStyle</styleUrl>
    <description>Date: 08-Nov-07 | Miles: None</description>
    <Point><coordinates>-77.0365427,38.8950368,0.0</coordinates></Point>
  </Placemark>

  <Placemark>
    <name>Washington D.C.</name>
    <styleUrl>#cityStyle</styleUrl>
    <description>Date: 08-Nov-07 | Miles: None</description>
    <Point><coordinates>-77.0365427,38.8950368,0.0</coordinates></Point>
  </Placemark>

  <Placemark>
    <name>Brooklyn, New York</name>
    <styleUrl>#cityStyle</styleUrl>
    <description>Date: 09-Nov-07 | Miles: None</description>
    <Point><coordinates>-73.9929257,40.7030828,0.0</coordinates></Point>
  </Placemark>

  <Placemark>
    <name>Brooklyn, New York</name>
    <styleUrl>#cityStyle</styleUrl>
    <description>Date: 09-Nov-07 | Miles: None</description>
    <Point><coordinates>-73.9929257,40.7030828,0.0</coordinates></Point>
  </Placemark>

  <Placemark>
    <name>NY  NY</name>
    <styleUrl>#cityStyle</styleUrl>
    <description>Date: 10-Nov-07 | Miles: None</description>
    <Point><coordinates>-73.99501481,40.7292053,0.0</coordinates></Point>
  </Placemark>

  <Placemark>
    <name>NY  NY</name>
    <styleUrl>#cityStyle</styleUrl>
    <description>Date: 10-Nov-07 | Miles: None</description>
    <Point><coordinates>-73.99501481,40.7292053,0.0</coordinates></Point>
  </Placemark>

  <Placemark>
    <name>Toronto, Ontario</name>
    <styleUrl>#cityStyle</styleUrl>
    <description>Date: 11-Nov-07 | Miles: None</description>
    <Point><coordinates>-79.39775966,43.663462,0.0</coordinates></Point>
  </Placemark>

  <Placemark>
    <name>Toronto, Ontario</name>
    <styleUrl>#cityStyle</styleUrl>
    <description>Date: 11-Nov-07 | Miles: None</description>
    <Point><coordinates>-79.39775966,43.663462,0.0</coordinates></Point>
  </Placemark>

  <Placemark>
    <name>Denver</name>
    <styleUrl>#cityStyle</styleUrl>
    <description>Date: 12-Nov-07 | Miles: None</description>
    <Point><coordinates>-104.6853673,39.8606676,0.0</coordinates></Point>
  </Placemark>

  <Placemark>
    <name>Denver</name>
    <styleUrl>#cityStyle</styleUrl>
    <description>Date: 12-Nov-07 | Miles: None</description>
    <Point><coordinates>-104.6853673,39.8606676,0.0</coordinates></Point>
  </Placemark>

  <Placemark>
    <name>Cleveland, Ohio</name>
    <styleUrl>#cityStyle</styleUrl>
    <description>Date: 13-Nov-07 | Miles: None</description>
    <Point><coordinates>-81.6895833,41.5006085,0.0</coordinates></Point>
  </Placemark>

  <Placemark>
    <name>Cleveland, Ohio</name>
    <styleUrl>#cityStyle</styleUrl>
    <description>Date: 13-Nov-07 | Miles: None</description>
    <Point><coordinates>-81.6895833,41.5006085,0.0</coordinates></Point>
  </Placemark>

  <Placemark>
    <name>Detroit Michigan</name>
    <styleUrl>#cityStyle</styleUrl>
    <description>Date: 14-Nov-07 | Miles: None</description>
    <Point><coordinates>-83.0466403,42.3315509,0.0</coordinates></Point>
  </Placemark>

  <Placemark>
    <name>Detroit Michigan</name>
    <styleUrl>#cityStyle</styleUrl>
    <description>Date: 14-Nov-07 | Miles: None</description>
    <Point><coordinates>-83.0466403,42.3315509,0.0</coordinates></Point>
  </Placemark>

  <Placemark>
    <name>Chicago, Illinois</name>
    <styleUrl>#cityStyle</styleUrl>
    <description>Date: 16-Nov-07 | Miles: None</description>
    <Point><coordinates>-87.6244212,41.8755616,0.0</coordinates></Point>
  </Placemark>

  <Placemark>
    <name>Chicago, Illinois</name>
    <styleUrl>#cityStyle</styleUrl>
    <description>Date: 16-Nov-07 | Miles: None</description>
    <Point><coordinates>-87.6244212,41.8755616,0.0</coordinates></Point>
  </Placemark>

  <Placemark>
    <name>Madison Wisconsin</name>
    <styleUrl>#cityStyle</styleUrl>
    <description>Date: 17-Nov-07 | Miles: None</description>
    <Point><coordinates>-89.3837613,43.074761,0.0</coordinates></Point>
  </Placemark>

  <Placemark>
    <name>Madison Wisconsin</name>
    <styleUrl>#cityStyle</styleUrl>
    <description>Date: 17-Nov-07 | Miles: None</description>
    <Point><coordinates>-89.3837613,43.074761,0.0</coordinates></Point>
  </Placemark>

  <Placemark>
    <name>Minisotta</name>
    <styleUrl>#cityStyle</styleUrl>
    <description>Date: 18-Nov-07 | Miles: None</description>
    <Point><coordinates>-94.6113288,45.9896587,0.0</coordinates></Point>
  </Placemark>

  <Placemark>
    <name>Minisotta</name>
    <styleUrl>#cityStyle</styleUrl>
    <description>Date: 18-Nov-07 | Miles: None</description>
    <Point><coordinates>-94.6113288,45.9896587,0.0</coordinates></Point>
  </Placemark>

  <Placemark>
    <name>Denver Colarado</name>
    <styleUrl>#cityStyle</styleUrl>
    <description>Date: 20-Nov-07 | Miles: None</description>
    <Point><coordinates>-104.6853673,39.8606676,0.0</coordinates></Point>
  </Placemark>

  <Placemark>
    <name>Denver Colarado</name>
    <styleUrl>#cityStyle</styleUrl>
    <description>Date: 20-Nov-07 | Miles: None</description>
    <Point><coordinates>-104.6853673,39.8606676,0.0</coordinates></Point>
  </Placemark>

  <Placemark>
    <name>Salt lake City, Utah</name>
    <styleUrl>#cityStyle</styleUrl>
    <description>Date: 22-Nov-07 | Miles: None</description>
    <Point><coordinates>-111.9798985,40.7900661,0.0</coordinates></Point>
  </Placemark>

  <Placemark>
    <name>Salt lake City, Utah</name>
    <styleUrl>#cityStyle</styleUrl>
    <description>Date: 22-Nov-07 | Miles: None</description>
    <Point><coordinates>-111.9798985,40.7900661,0.0</coordinates></Point>
  </Placemark>

  <Placemark>
    <name>Vancouver BC</name>
    <styleUrl>#cityStyle</styleUrl>
    <description>Date: 22-Nov-07 | Miles: None</description>
    <Point><coordinates>-123.113952,49.2608724,0.0</coordinates></Point>
  </Placemark>

  <Placemark>
    <name>Vancouver BC</name>
    <styleUrl>#cityStyle</styleUrl>
    <description>Date: 22-Nov-07 | Miles: None</description>
    <Point><coordinates>-123.113952,49.2608724,0.0</coordinates></Point>
  </Placemark>

  <Placemark>
    <name>Vancouver BC</name>
    <styleUrl>#cityStyle</styleUrl>
    <description>Date: 23-Nov-07 | Miles: None</description>
    <Point><coordinates>-123.113952,49.2608724,0.0</coordinates></Point>
  </Placemark>

  <Placemark>
    <name>Vancouver BC</name>
    <styleUrl>#cityStyle</styleUrl>
    <description>Date: 23-Nov-07 | Miles: None</description>
    <Point><coordinates>-123.113952,49.2608724,0.0</coordinates></Point>
  </Placemark>

  <Placemark>
    <name>Leeds</name>
    <styleUrl>#cityStyle</styleUrl>
    <description>Date: 23-Nov-07 | Miles: None</description>
    <Point><coordinates>-1.555110999,53.8057925,0.0</coordinates></Point>
  </Placemark>

  <Placemark>
    <name>Leeds</name>
    <styleUrl>#cityStyle</styleUrl>
    <description>Date: 23-Nov-07 | Miles: None</description>
    <Point><coordinates>-1.555110999,53.8057925,0.0</coordinates></Point>
  </Placemark>

  <Placemark>
    <name>Seattle Washington</name>
    <styleUrl>#cityStyle</styleUrl>
    <description>Date: 24-Nov-07 | Miles: None</description>
    <Point><coordinates>-122.3187983,47.60950425,0.0</coordinates></Point>
  </Placemark>

  <Placemark>
    <name>Seattle Washington</name>
    <styleUrl>#cityStyle</styleUrl>
    <description>Date: 24-Nov-07 | Miles: None</description>
    <Point><coordinates>-122.3187983,47.60950425,0.0</coordinates></Point>
  </Placemark>

  <Placemark>
    <name>Portland, Oregon</name>
    <styleUrl>#cityStyle</styleUrl>
    <description>Date: 25-Nov-07 | Miles: None</description>
    <Point><coordinates>-122.7422707,45.4254201,0.0</coordinates></Point>
  </Placemark>

  <Placemark>
    <name>Portland, Oregon</name>
    <styleUrl>#cityStyle</styleUrl>
    <description>Date: 25-Nov-07 | Miles: None</description>
    <Point><coordinates>-122.7422707,45.4254201,0.0</coordinates></Point>
  </Placemark>

  <Placemark>
    <name>Eugene, Oregon</name>
    <styleUrl>#cityStyle</styleUrl>
    <description>Date: 26-Nov-07 | Miles: None</description>
    <Point><coordinates>-123.0935148,44.04827765,0.0</coordinates></Point>
  </Placemark>

  <Placemark>
    <name>Eugene, Oregon</name>
    <styleUrl>#cityStyle</styleUrl>
    <description>Date: 26-Nov-07 | Miles: None</description>
    <Point><coordinates>-123.0935148,44.04827765,0.0</coordinates></Point>
  </Placemark>

  <Placemark>
    <name>Los Angeles</name>
    <styleUrl>#cityStyle</styleUrl>
    <description>Date: 28-Nov-07 | Miles: None</description>
    <Point><coordinates>-118.4468503,34.07087775,0.0</coordinates></Point>
  </Placemark>

  <Placemark>
    <name>Los Angeles</name>
    <styleUrl>#cityStyle</styleUrl>
    <description>Date: 28-Nov-07 | Miles: None</description>
    <Point><coordinates>-118.4468503,34.07087775,0.0</coordinates></Point>
  </Placemark>

  <Placemark>
    <name>Las Vegas</name>
    <styleUrl>#cityStyle</styleUrl>
    <description>Date: 28-Nov-07 | Miles: None</description>
    <Point><coordinates>-115.146357,36.1716997,0.0</coordinates></Point>
  </Placemark>

  <Placemark>
    <name>Las Vegas</name>
    <styleUrl>#cityStyle</styleUrl>
    <description>Date: 28-Nov-07 | Miles: None</description>
    <Point><coordinates>-115.146357,36.1716997,0.0</coordinates></Point>
  </Placemark>

  <Placemark>
    <name>San Fransisco</name>
    <styleUrl>#cityStyle</styleUrl>
    <description>Date: 28-Nov-07 | Miles: None</description>
    <Point><coordinates>-122.3558473,37.7884969,0.0</coordinates></Point>
  </Placemark>

  <Placemark>
    <name>San Fransisco</name>
    <styleUrl>#cityStyle</styleUrl>
    <description>Date: 28-Nov-07 | Miles: None</description>
    <Point><coordinates>-122.3558473,37.7884969,0.0</coordinates></Point>
  </Placemark>

  <Placemark>
    <name>Eugene</name>
    <styleUrl>#cityStyle</styleUrl>
    <description>Date: 28-Nov-07 | Miles: None</description>
    <Point><coordinates>-123.0935148,44.04827765,0.0</coordinates></Point>
  </Placemark>

  <Placemark>
    <name>Eugene</name>
    <styleUrl>#cityStyle</styleUrl>
    <description>Date: 28-Nov-07 | Miles: None</description>
    <Point><coordinates>-123.0935148,44.04827765,0.0</coordinates></Point>
  </Placemark>

  <Placemark>
    <name>Los Angeles</name>
    <styleUrl>#cityStyle</styleUrl>
    <description>Date: 29-Nov-07 | Miles: None</description>
    <Point><coordinates>-118.4468503,34.07087775,0.0</coordinates></Point>
  </Placemark>

  <Placemark>
    <name>Los Angeles</name>
    <styleUrl>#cityStyle</styleUrl>
    <description>Date: 29-Nov-07 | Miles: None</description>
    <Point><coordinates>-118.4468503,34.07087775,0.0</coordinates></Point>
  </Placemark>

  <Placemark>
    <name>Los Angeles</name>
    <styleUrl>#cityStyle</styleUrl>
    <description>Date: 30-Nov-07 | Miles: None</description>
    <Point><coordinates>-118.4468503,34.07087775,0.0</coordinates></Point>
  </Placemark>

  <Placemark>
    <name>Los Angeles</name>
    <styleUrl>#cityStyle</styleUrl>
    <description>Date: 30-Nov-07 | Miles: None</description>
    <Point><coordinates>-118.4468503,34.07087775,0.0</coordinates></Point>
  </Placemark>

  <Placemark>
    <name>Reno, Nevada</name>
    <styleUrl>#cityStyle</styleUrl>
    <description>Date: 01-Dec-07 | Miles: None</description>
    <Point><coordinates>-119.8126581,39.5261206,0.0</coordinates></Point>
  </Placemark>

  <Placemark>
    <name>Reno, Nevada</name>
    <styleUrl>#cityStyle</styleUrl>
    <description>Date: 01-Dec-07 | Miles: None</description>
    <Point><coordinates>-119.8126581,39.5261206,0.0</coordinates></Point>
  </Placemark>

  <Placemark>
    <name>San Luis Obispo</name>
    <styleUrl>#cityStyle</styleUrl>
    <description>Date: 02-Dec-07 | Miles: None</description>
    <Point><coordinates>-120.6650418,35.28075015,0.0</coordinates></Point>
  </Placemark>

  <Placemark>
    <name>San Luis Obispo</name>
    <styleUrl>#cityStyle</styleUrl>
    <description>Date: 02-Dec-07 | Miles: None</description>
    <Point><coordinates>-120.6650418,35.28075015,0.0</coordinates></Point>
  </Placemark>

  <Placemark>
    <name>San Francisco</name>
    <styleUrl>#cityStyle</styleUrl>
    <description>Date: 04-Dec-07 | Miles: None</description>
    <Point><coordinates>-122.3558473,37.7884969,0.0</coordinates></Point>
  </Placemark>

  <Placemark>
    <name>San Francisco</name>
    <styleUrl>#cityStyle</styleUrl>
    <description>Date: 04-Dec-07 | Miles: None</description>
    <Point><coordinates>-122.3558473,37.7884969,0.0</coordinates></Point>
  </Placemark>

  <Placemark>
    <name>Sacramento</name>
    <styleUrl>#cityStyle</styleUrl>
    <description>Date: 05-Dec-07 | Miles: None</description>
    <Point><coordinates>-121.493895,38.5810606,0.0</coordinates></Point>
  </Placemark>

  <Placemark>
    <name>Sacramento</name>
    <styleUrl>#cityStyle</styleUrl>
    <description>Date: 05-Dec-07 | Miles: None</description>
    <Point><coordinates>-121.493895,38.5810606,0.0</coordinates></Point>
  </Placemark>

  <Placemark>
    <name>Los Angeles</name>
    <styleUrl>#cityStyle</styleUrl>
    <description>Date: 24-Dec-07 | Miles: None</description>
    <Point><coordinates>-118.4468503,34.07087775,0.0</coordinates></Point>
  </Placemark>

  <Placemark>
    <name>Los Angeles</name>
    <styleUrl>#cityStyle</styleUrl>
    <description>Date: 24-Dec-07 | Miles: None</description>
    <Point><coordinates>-118.4468503,34.07087775,0.0</coordinates></Point>
  </Placemark>

  <Placemark>
    <name>Denver</name>
    <styleUrl>#cityStyle</styleUrl>
    <description>Date: 24-Dec-07 | Miles: None</description>
    <Point><coordinates>-104.6853673,39.8606676,0.0</coordinates></Point>
  </Placemark>

  <Placemark>
    <name>Denver</name>
    <styleUrl>#cityStyle</styleUrl>
    <description>Date: 24-Dec-07 | Miles: None</description>
    <Point><coordinates>-104.6853673,39.8606676,0.0</coordinates></Point>
  </Placemark>

  <Placemark>
    <name>NY</name>
    <styleUrl>#cityStyle</styleUrl>
    <description>Date: 24-Dec-07 | Miles: None</description>
    <Point><coordinates>-73.99501481,40.7292053,0.0</coordinates></Point>
  </Placemark>

  <Placemark>
    <name>NY NY</name>
    <styleUrl>#cityStyle</styleUrl>
    <description>Date: 24-Dec-07 | Miles: None</description>
    <Point><coordinates>-73.99501481,40.7292053,0.0</coordinates></Point>
  </Placemark>

  <Placemark>
    <name>Montreal</name>
    <styleUrl>#cityStyle</styleUrl>
    <description>Date: 25-Dec-07 | Miles: None</description>
    <Point><coordinates>-73.5698065,45.5031824,0.0</coordinates></Point>
  </Placemark>

  <Placemark>
    <name>Montreal</name>
    <styleUrl>#cityStyle</styleUrl>
    <description>Date: 25-Dec-07 | Miles: None</description>
    <Point><coordinates>-73.5698065,45.5031824,0.0</coordinates></Point>
  </Placemark>

  <Placemark>
    <name>Montreal</name>
    <styleUrl>#cityStyle</styleUrl>
    <description>Date: 25-Dec-07 | Miles: None</description>
    <Point><coordinates>-73.5698065,45.5031824,0.0</coordinates></Point>
  </Placemark>

  <Placemark>
    <name>Montreal</name>
    <styleUrl>#cityStyle</styleUrl>
    <description>Date: 25-Dec-07 | Miles: None</description>
    <Point><coordinates>-73.5698065,45.5031824,0.0</coordinates></Point>
  </Placemark>

  <Placemark>
    <name>London</name>
    <styleUrl>#cityStyle</styleUrl>
    <description>Date: 25-Dec-07 | Miles: None</description>
    <Point><coordinates>-0.0919983,51.5156177,0.0</coordinates></Point>
  </Placemark>

  <Placemark>
    <name>London</name>
    <styleUrl>#cityStyle</styleUrl>
    <description>Date: 25-Dec-07 | Miles: None</description>
    <Point><coordinates>-0.0919983,51.5156177,0.0</coordinates></Point>
  </Placemark>

  <Placemark>
    <name>London</name>
    <styleUrl>#cityStyle</styleUrl>
    <description>Date: 20-Jan-08 | Miles: None</description>
    <Point><coordinates>-0.0919983,51.5156177,0.0</coordinates></Point>
  </Placemark>

  <Placemark>
    <name>London</name>
    <styleUrl>#cityStyle</styleUrl>
    <description>Date: 20-Jan-08 | Miles: None</description>
    <Point><coordinates>-0.0919983,51.5156177,0.0</coordinates></Point>
  </Placemark>

  <Placemark>
    <name>Madrid</name>
    <styleUrl>#cityStyle</styleUrl>
    <description>Date: 21-Jan-08 | Miles: None</description>
    <Point><coordinates>-3.7035825,40.4167047,0.0</coordinates></Point>
  </Placemark>

  <Placemark>
    <name>Madrid</name>
    <styleUrl>#cityStyle</styleUrl>
    <description>Date: 21-Jan-08 | Miles: None</description>
    <Point><coordinates>-3.7035825,40.4167047,0.0</coordinates></Point>
  </Placemark>

  <Placemark>
    <name>Madrid</name>
    <styleUrl>#cityStyle</styleUrl>
    <description>Date: 23-Jan-08 | Miles: None</description>
    <Point><coordinates>-3.7035825,40.4167047,0.0</coordinates></Point>
  </Placemark>

  <Placemark>
    <name>Madrid</name>
    <styleUrl>#cityStyle</styleUrl>
    <description>Date: 23-Jan-08 | Miles: None</description>
    <Point><coordinates>-3.7035825,40.4167047,0.0</coordinates></Point>
  </Placemark>

  <Placemark>
    <name>Barcelona</name>
    <styleUrl>#cityStyle</styleUrl>
    <description>Date: 25-Jan-08 | Miles: None</description>
    <Point><coordinates>2.177073,41.3825802,0.0</coordinates></Point>
  </Placemark>

  <Placemark>
    <name>Barcelona</name>
    <styleUrl>#cityStyle</styleUrl>
    <description>Date: 25-Jan-08 | Miles: None</description>
    <Point><coordinates>2.177073,41.3825802,0.0</coordinates></Point>
  </Placemark>

  <Placemark>
    <name>Barcelona</name>
    <styleUrl>#cityStyle</styleUrl>
    <description>Date: 25-Jan-08 | Miles: None</description>
    <Point><coordinates>2.177073,41.3825802,0.0</coordinates></Point>
  </Placemark>

  <Placemark>
    <name>Barcelona</name>
    <styleUrl>#cityStyle</styleUrl>
    <description>Date: 25-Jan-08 | Miles: None</description>
    <Point><coordinates>2.177073,41.3825802,0.0</coordinates></Point>
  </Placemark>

  <Placemark>
    <name>London</name>
    <styleUrl>#cityStyle</styleUrl>
    <description>Date: 26-Jan-08 | Miles: None</description>
    <Point><coordinates>-0.0919983,51.5156177,0.0</coordinates></Point>
  </Placemark>

  <Placemark>
    <name>London</name>
    <styleUrl>#cityStyle</styleUrl>
    <description>Date: 26-Jan-08 | Miles: None</description>
    <Point><coordinates>-0.0919983,51.5156177,0.0</coordinates></Point>
  </Placemark>

  <Placemark>
    <name>Los Angeles</name>
    <styleUrl>#cityStyle</styleUrl>
    <description>Date: 28-Jan-08 | Miles: None</description>
    <Point><coordinates>-118.4468503,34.07087775,0.0</coordinates></Point>
  </Placemark>

  <Placemark>
    <name>Los Angeles</name>
    <styleUrl>#cityStyle</styleUrl>
    <description>Date: 28-Jan-08 | Miles: None</description>
    <Point><coordinates>-118.4468503,34.07087775,0.0</coordinates></Point>
  </Placemark>

  <Placemark>
    <name>Phoenix</name>
    <styleUrl>#cityStyle</styleUrl>
    <description>Date: 29-Jan-08 | Miles: None</description>
    <Point><coordinates>-112.074141,33.4484367,0.0</coordinates></Point>
  </Placemark>

  <Placemark>
    <name>Phoenix</name>
    <styleUrl>#cityStyle</styleUrl>
    <description>Date: 29-Jan-08 | Miles: None</description>
    <Point><coordinates>-112.074141,33.4484367,0.0</coordinates></Point>
  </Placemark>

  <Placemark>
    <name>Scottsdale, Phoenix</name>
    <styleUrl>#cityStyle</styleUrl>
    <description>Date: 29-Jan-08 | Miles: None</description>
    <Point><coordinates>-111.926018,33.4942189,0.0</coordinates></Point>
  </Placemark>

  <Placemark>
    <name>Scottsdale, Phoenix</name>
    <styleUrl>#cityStyle</styleUrl>
    <description>Date: 29-Jan-08 | Miles: None</description>
    <Point><coordinates>-111.926018,33.4942189,0.0</coordinates></Point>
  </Placemark>

  <Placemark>
    <name>Los Angeles</name>
    <styleUrl>#cityStyle</styleUrl>
    <description>Date: 07-Feb-08 | Miles: None</description>
    <Point><coordinates>-118.4468503,34.07087775,0.0</coordinates></Point>
  </Placemark>

  <Placemark>
    <name>Los Angeles</name>
    <styleUrl>#cityStyle</styleUrl>
    <description>Date: 07-Feb-08 | Miles: None</description>
    <Point><coordinates>-118.4468503,34.07087775,0.0</coordinates></Point>
  </Placemark>

  <Placemark>
    <name>Philidelphia</name>
    <styleUrl>#cityStyle</styleUrl>
    <description>Date: 10-Mar-08 | Miles: None</description>
    <Point><coordinates>-75.16298929,39.9527237,0.0</coordinates></Point>
  </Placemark>

  <Placemark>
    <name>Philidelphia</name>
    <styleUrl>#cityStyle</styleUrl>
    <description>Date: 10-Mar-08 | Miles: None</description>
    <Point><coordinates>-75.16298929,39.9527237,0.0</coordinates></Point>
  </Placemark>

  <Placemark>
    <name>Manchester</name>
    <styleUrl>#cityStyle</styleUrl>
    <description>Date: 10-Mar-08 | Miles: None</description>
    <Point><coordinates>-2.233085819,53.46602255,0.0</coordinates></Point>
  </Placemark>

  <Placemark>
    <name>Manchester</name>
    <styleUrl>#cityStyle</styleUrl>
    <description>Date: 10-Mar-08 | Miles: None</description>
    <Point><coordinates>-2.233085819,53.46602255,0.0</coordinates></Point>
  </Placemark>

  <Placemark>
    <name>Santa Barbara</name>
    <styleUrl>#cityStyle</styleUrl>
    <description>Date: 14-Apr-08 | Miles: None</description>
    <Point><coordinates>-119.84581,34.41460245,0.0</coordinates></Point>
  </Placemark>

  <Placemark>
    <name>Santa Barbara</name>
    <styleUrl>#cityStyle</styleUrl>
    <description>Date: 14-Apr-08 | Miles: None</description>
    <Point><coordinates>-119.84581,34.41460245,0.0</coordinates></Point>
  </Placemark>

  <Placemark>
    <name>Los Angeles</name>
    <styleUrl>#cityStyle</styleUrl>
    <description>Date: 16-Apr-08 | Miles: None</description>
    <Point><coordinates>-118.4468503,34.07087775,0.0</coordinates></Point>
  </Placemark>

  <Placemark>
    <name>Los Angeles</name>
    <styleUrl>#cityStyle</styleUrl>
    <description>Date: 16-Apr-08 | Miles: None</description>
    <Point><coordinates>-118.4468503,34.07087775,0.0</coordinates></Point>
  </Placemark>

  <Placemark>
    <name>Santa Monic Pier</name>
    <styleUrl>#cityStyle</styleUrl>
    <description>Date: 20-Apr-08 | Miles: None</description>
    <Point><coordinates>34.00889605,-118.50,0.0</coordinates></Point>
  </Placemark>

  <Placemark>
    <name>Santa Monic Pier</name>
    <styleUrl>#cityStyle</styleUrl>
    <description>Date: 20-Apr-08 | Miles: None</description>
    <Point><coordinates>34.00889605,-118.50,0.0</coordinates></Point>
  </Placemark>

  <Placemark>
    <name>London</name>
    <styleUrl>#cityStyle</styleUrl>
    <description>Date: 21-Apr-08 | Miles: None</description>
    <Point><coordinates>-0.0919983,51.5156177,0.0</coordinates></Point>
  </Placemark>

  <Placemark>
    <name>London</name>
    <styleUrl>#cityStyle</styleUrl>
    <description>Date: 21-Apr-08 | Miles: None</description>
    <Point><coordinates>-0.0919983,51.5156177,0.0</coordinates></Point>
  </Placemark>

  <Placemark>
    <name>Leeds</name>
    <styleUrl>#cityStyle</styleUrl>
    <description>Date: 22-Apr-08 | Miles: None</description>
    <Point><coordinates>-1.555110999,53.8057925,0.0</coordinates></Point>
  </Placemark>

  <Placemark>
    <name>Leeds</name>
    <styleUrl>#cityStyle</styleUrl>
    <description>Date: 22-Apr-08 | Miles: None</description>
    <Point><coordinates>-1.555110999,53.8057925,0.0</coordinates></Point>
  </Placemark>

  <Placemark>
    <name>Spain</name>
    <styleUrl>#cityStyle</styleUrl>
    <description>Date: 08-May-08 | Miles: None</description>
    <Point><coordinates>-4.8379791,39.3260685,0.0</coordinates></Point>
  </Placemark>

  <Placemark>
    <name>Spain</name>
    <styleUrl>#cityStyle</styleUrl>
    <description>Date: 08-May-08 | Miles: None</description>
    <Point><coordinates>-4.8379791,39.3260685,0.0</coordinates></Point>
  </Placemark>

  <Placemark>
    <name>Bilbao</name>
    <styleUrl>#cityStyle</styleUrl>
    <description>Date: 08-May-08 | Miles: None</description>
    <Point><coordinates>-2.9350039,43.2630018,0.0</coordinates></Point>
  </Placemark>

  <Placemark>
    <name>Bilbao</name>
    <styleUrl>#cityStyle</styleUrl>
    <description>Date: 08-May-08 | Miles: None</description>
    <Point><coordinates>-2.9350039,43.2630018,0.0</coordinates></Point>
  </Placemark>

  <Placemark>
    <name>Spain</name>
    <styleUrl>#cityStyle</styleUrl>
    <description>Date: 09-May-08 | Miles: None</description>
    <Point><coordinates>-4.8379791,39.3260685,0.0</coordinates></Point>
  </Placemark>

  <Placemark>
    <name>Spain</name>
    <styleUrl>#cityStyle</styleUrl>
    <description>Date: 09-May-08 | Miles: None</description>
    <Point><coordinates>-4.8379791,39.3260685,0.0</coordinates></Point>
  </Placemark>

  <Placemark>
    <name>Leeds</name>
    <styleUrl>#cityStyle</styleUrl>
    <description>Date: 10-May-08 | Miles: None</description>
    <Point><coordinates>-1.555110999,53.8057925,0.0</coordinates></Point>
  </Placemark>

  <Placemark>
    <name>Leeds</name>
    <styleUrl>#cityStyle</styleUrl>
    <description>Date: 10-May-08 | Miles: None</description>
    <Point><coordinates>-1.555110999,53.8057925,0.0</coordinates></Point>
  </Placemark>

  <Placemark>
    <name>Spain</name>
    <styleUrl>#cityStyle</styleUrl>
    <description>Date: 11-May-08 | Miles: None</description>
    <Point><coordinates>-4.8379791,39.3260685,0.0</coordinates></Point>
  </Placemark>

  <Placemark>
    <name>Spain</name>
    <styleUrl>#cityStyle</styleUrl>
    <description>Date: 11-May-08 | Miles: None</description>
    <Point><coordinates>-4.8379791,39.3260685,0.0</coordinates></Point>
  </Placemark>

  <Placemark>
    <name>Barcelona</name>
    <styleUrl>#cityStyle</styleUrl>
    <description>Date: 13-May-08 | Miles: None</description>
    <Point><coordinates>2.177073,41.3825802,0.0</coordinates></Point>
  </Placemark>

  <Placemark>
    <name>Barcelona</name>
    <styleUrl>#cityStyle</styleUrl>
    <description>Date: 13-May-08 | Miles: None</description>
    <Point><coordinates>2.177073,41.3825802,0.0</coordinates></Point>
  </Placemark>

  <Placemark>
    <name>Leeds</name>
    <styleUrl>#cityStyle</styleUrl>
    <description>Date: 14-May-08 | Miles: None</description>
    <Point><coordinates>-1.555110999,53.8057925,0.0</coordinates></Point>
  </Placemark>

  <Placemark>
    <name>Leeds</name>
    <styleUrl>#cityStyle</styleUrl>
    <description>Date: 14-May-08 | Miles: None</description>
    <Point><coordinates>-1.555110999,53.8057925,0.0</coordinates></Point>
  </Placemark>

  <Placemark>
    <name>London</name>
    <styleUrl>#cityStyle</styleUrl>
    <description>Date: 15-May-08 | Miles: None</description>
    <Point><coordinates>-0.0919983,51.5156177,0.0</coordinates></Point>
  </Placemark>

  <Placemark>
    <name>London</name>
    <styleUrl>#cityStyle</styleUrl>
    <description>Date: 15-May-08 | Miles: None</description>
    <Point><coordinates>-0.0919983,51.5156177,0.0</coordinates></Point>
  </Placemark>

  <Placemark>
    <name>San Fransisco</name>
    <styleUrl>#cityStyle</styleUrl>
    <description>Date: 16-May-08 | Miles: None</description>
    <Point><coordinates>-122.3558473,37.7884969,0.0</coordinates></Point>
  </Placemark>

  <Placemark>
    <name>San Fransisco</name>
    <styleUrl>#cityStyle</styleUrl>
    <description>Date: 16-May-08 | Miles: None</description>
    <Point><coordinates>-122.3558473,37.7884969,0.0</coordinates></Point>
  </Placemark>

  <Placemark>
    <name>San Fransisco</name>
    <styleUrl>#cityStyle</styleUrl>
    <description>Date: 16-May-08 | Miles: None</description>
    <Point><coordinates>-122.3558473,37.7884969,0.0</coordinates></Point>
  </Placemark>

  <Placemark>
    <name>San Fransisco</name>
    <styleUrl>#cityStyle</styleUrl>
    <description>Date: 16-May-08 | Miles: None</description>
    <Point><coordinates>-122.3558473,37.7884969,0.0</coordinates></Point>
  </Placemark>

  <Placemark>
    <name>Austin</name>
    <styleUrl>#cityStyle</styleUrl>
    <description>Date: 19-May-08 | Miles: None</description>
    <Point><coordinates>-97.73393515,30.2851494,0.0</coordinates></Point>
  </Placemark>

  <Placemark>
    <name>Austin</name>
    <styleUrl>#cityStyle</styleUrl>
    <description>Date: 19-May-08 | Miles: None</description>
    <Point><coordinates>-97.73393515,30.2851494,0.0</coordinates></Point>
  </Placemark>

  <Placemark>
    <name>Denver</name>
    <styleUrl>#cityStyle</styleUrl>
    <description>Date: 19-May-08 | Miles: None</description>
    <Point><coordinates>-104.6853673,39.8606676,0.0</coordinates></Point>
  </Placemark>

  <Placemark>
    <name>Denver</name>
    <styleUrl>#cityStyle</styleUrl>
    <description>Date: 19-May-08 | Miles: None</description>
    <Point><coordinates>-104.6853673,39.8606676,0.0</coordinates></Point>
  </Placemark>

  <Placemark>
    <name>Los Angeles</name>
    <styleUrl>#cityStyle</styleUrl>
    <description>Date: 13-Jun-08 | Miles: None</description>
    <Point><coordinates>-118.4468503,34.07087775,0.0</coordinates></Point>
  </Placemark>

  <Placemark>
    <name>Los Angeles</name>
    <styleUrl>#cityStyle</styleUrl>
    <description>Date: 13-Jun-08 | Miles: None</description>
    <Point><coordinates>-118.4468503,34.07087775,0.0</coordinates></Point>
  </Placemark>

  <Placemark>
    <name>Los Angeles</name>
    <styleUrl>#cityStyle</styleUrl>
    <description>Date: 15-Jun-08 | Miles: None</description>
    <Point><coordinates>-118.4468503,34.07087775,0.0</coordinates></Point>
  </Placemark>

  <Placemark>
    <name>Los Angeles</name>
    <styleUrl>#cityStyle</styleUrl>
    <description>Date: 15-Jun-08 | Miles: None</description>
    <Point><coordinates>-118.4468503,34.07087775,0.0</coordinates></Point>
  </Placemark>

  <Placemark>
    <name>Los Angeles</name>
    <styleUrl>#cityStyle</styleUrl>
    <description>Date: 27-Jun-08 | Miles: None</description>
    <Point><coordinates>-118.4468503,34.07087775,0.0</coordinates></Point>
  </Placemark>

  <Placemark>
    <name>Los Angeles</name>
    <styleUrl>#cityStyle</styleUrl>
    <description>Date: 27-Jun-08 | Miles: None</description>
    <Point><coordinates>-118.4468503,34.07087775,0.0</coordinates></Point>
  </Placemark>

  <Placemark>
    <name>San Fransisco</name>
    <styleUrl>#cityStyle</styleUrl>
    <description>Date: 01-Jul-08 | Miles: None</description>
    <Point><coordinates>-122.3558473,37.7884969,0.0</coordinates></Point>
  </Placemark>

  <Placemark>
    <name>San Fransisco</name>
    <styleUrl>#cityStyle</styleUrl>
    <description>Date: 01-Jul-08 | Miles: None</description>
    <Point><coordinates>-122.3558473,37.7884969,0.0</coordinates></Point>
  </Placemark>

  <Placemark>
    <name>San Fransisco</name>
    <styleUrl>#cityStyle</styleUrl>
    <description>Date: 01-Jul-08 | Miles: None</description>
    <Point><coordinates>-122.3558473,37.7884969,0.0</coordinates></Point>
  </Placemark>

  <Placemark>
    <name>San Fransisco</name>
    <styleUrl>#cityStyle</styleUrl>
    <description>Date: 01-Jul-08 | Miles: None</description>
    <Point><coordinates>-122.3558473,37.7884969,0.0</coordinates></Point>
  </Placemark>

  <Placemark>
    <name>San Fransisco</name>
    <styleUrl>#cityStyle</styleUrl>
    <description>Date: 01-Jul-08 | Miles: None</description>
    <Point><coordinates>-122.3558473,37.7884969,0.0</coordinates></Point>
  </Placemark>

  <Placemark>
    <name>San Fransisco</name>
    <styleUrl>#cityStyle</styleUrl>
    <description>Date: 01-Jul-08 | Miles: None</description>
    <Point><coordinates>-122.3558473,37.7884969,0.0</coordinates></Point>
  </Placemark>

  <Placemark>
    <name>San Fransisco</name>
    <styleUrl>#cityStyle</styleUrl>
    <description>Date: 02-Jul-08 | Miles: None</description>
    <Point><coordinates>-122.3558473,37.7884969,0.0</coordinates></Point>
  </Placemark>

  <Placemark>
    <name>San Fransisco</name>
    <styleUrl>#cityStyle</styleUrl>
    <description>Date: 02-Jul-08 | Miles: None</description>
    <Point><coordinates>-122.3558473,37.7884969,0.0</coordinates></Point>
  </Placemark>

  <Placemark>
    <name>London</name>
    <styleUrl>#cityStyle</styleUrl>
    <description>Date: 02-Jul-08 | Miles: None</description>
    <Point><coordinates>-0.0919983,51.5156177,0.0</coordinates></Point>
  </Placemark>

  <Placemark>
    <name>London</name>
    <styleUrl>#cityStyle</styleUrl>
    <description>Date: 02-Jul-08 | Miles: None</description>
    <Point><coordinates>-0.0919983,51.5156177,0.0</coordinates></Point>
  </Placemark>

  <Placemark>
    <name>Barcelona</name>
    <styleUrl>#cityStyle</styleUrl>
    <description>Date: 03-Jul-08 | Miles: None</description>
    <Point><coordinates>2.177073,41.3825802,0.0</coordinates></Point>
  </Placemark>

  <Placemark>
    <name>Barcelona</name>
    <styleUrl>#cityStyle</styleUrl>
    <description>Date: 03-Jul-08 | Miles: None</description>
    <Point><coordinates>2.177073,41.3825802,0.0</coordinates></Point>
  </Placemark>

  <Placemark>
    <name>Leeds</name>
    <styleUrl>#cityStyle</styleUrl>
    <description>Date: 03-Jul-08 | Miles: None</description>
    <Point><coordinates>-1.555110999,53.8057925,0.0</coordinates></Point>
  </Placemark>

  <Placemark>
    <name>Leeds</name>
    <styleUrl>#cityStyle</styleUrl>
    <description>Date: 03-Jul-08 | Miles: None</description>
    <Point><coordinates>-1.555110999,53.8057925,0.0</coordinates></Point>
  </Placemark>

  <Placemark>
    <name>Barcelona</name>
    <styleUrl>#cityStyle</styleUrl>
    <description>Date: 04-Jul-08 | Miles: None</description>
    <Point><coordinates>2.177073,41.3825802,0.0</coordinates></Point>
  </Placemark>

  <Placemark>
    <name>Barcelona</name>
    <styleUrl>#cityStyle</styleUrl>
    <description>Date: 04-Jul-08 | Miles: None</description>
    <Point><coordinates>2.177073,41.3825802,0.0</coordinates></Point>
  </Placemark>

  <Placemark>
    <name>Barcelona</name>
    <styleUrl>#cityStyle</styleUrl>
    <description>Date: 04-Jul-08 | Miles: None</description>
    <Point><coordinates>2.177073,41.3825802,0.0</coordinates></Point>
  </Placemark>

  <Placemark>
    <name>Barcelona</name>
    <styleUrl>#cityStyle</styleUrl>
    <description>Date: 04-Jul-08 | Miles: None</description>
    <Point><coordinates>2.177073,41.3825802,0.0</coordinates></Point>
  </Placemark>

  <Placemark>
    <name>Leeds</name>
    <styleUrl>#cityStyle</styleUrl>
    <description>Date: 05-Jul-08 | Miles: None</description>
    <Point><coordinates>-1.555110999,53.8057925,0.0</coordinates></Point>
  </Placemark>

  <Placemark>
    <name>Leeds</name>
    <styleUrl>#cityStyle</styleUrl>
    <description>Date: 05-Jul-08 | Miles: None</description>
    <Point><coordinates>-1.555110999,53.8057925,0.0</coordinates></Point>
  </Placemark>

  <Placemark>
    <name>Los Angeles</name>
    <styleUrl>#cityStyle</styleUrl>
    <description>Date: 16-Aug-08 | Miles: None</description>
    <Point><coordinates>-118.4468503,34.07087775,0.0</coordinates></Point>
  </Placemark>

  <Placemark>
    <name>Los Angeles</name>
    <styleUrl>#cityStyle</styleUrl>
    <description>Date: 16-Aug-08 | Miles: None</description>
    <Point><coordinates>-118.4468503,34.07087775,0.0</coordinates></Point>
  </Placemark>

  <Placemark>
    <name>London</name>
    <styleUrl>#cityStyle</styleUrl>
    <description>Date: 16-Aug-08 | Miles: None</description>
    <Point><coordinates>-0.0919983,51.5156177,0.0</coordinates></Point>
  </Placemark>

  <Placemark>
    <name>London</name>
    <styleUrl>#cityStyle</styleUrl>
    <description>Date: 16-Aug-08 | Miles: None</description>
    <Point><coordinates>-0.0919983,51.5156177,0.0</coordinates></Point>
  </Placemark>

  <Placemark>
    <name>London</name>
    <styleUrl>#cityStyle</styleUrl>
    <description>Date: 16-Aug-08 | Miles: None</description>
    <Point><coordinates>-0.0919983,51.5156177,0.0</coordinates></Point>
  </Placemark>

  <Placemark>
    <name>London</name>
    <styleUrl>#cityStyle</styleUrl>
    <description>Date: 16-Aug-08 | Miles: None</description>
    <Point><coordinates>-0.0919983,51.5156177,0.0</coordinates></Point>
  </Placemark>

  <Placemark>
    <name>Detroit</name>
    <styleUrl>#cityStyle</styleUrl>
    <description>Date: 19-Aug-08 | Miles: None</description>
    <Point><coordinates>-83.0466403,42.3315509,0.0</coordinates></Point>
  </Placemark>

  <Placemark>
    <name>Detroit</name>
    <styleUrl>#cityStyle</styleUrl>
    <description>Date: 19-Aug-08 | Miles: None</description>
    <Point><coordinates>-83.0466403,42.3315509,0.0</coordinates></Point>
  </Placemark>

  <Placemark>
    <name>Los Angeles</name>
    <styleUrl>#cityStyle</styleUrl>
    <description>Date: 23-Aug-08 | Miles: None</description>
    <Point><coordinates>-118.4468503,34.07087775,0.0</coordinates></Point>
  </Placemark>

  <Placemark>
    <name>Los Angeles</name>
    <styleUrl>#cityStyle</styleUrl>
    <description>Date: 23-Aug-08 | Miles: None</description>
    <Point><coordinates>-118.4468503,34.07087775,0.0</coordinates></Point>
  </Placemark>

  <Placemark>
    <name>London</name>
    <styleUrl>#cityStyle</styleUrl>
    <description>Date: 27-Aug-08 | Miles: None</description>
    <Point><coordinates>-0.0919983,51.5156177,0.0</coordinates></Point>
  </Placemark>

  <Placemark>
    <name>London</name>
    <styleUrl>#cityStyle</styleUrl>
    <description>Date: 27-Aug-08 | Miles: None</description>
    <Point><coordinates>-0.0919983,51.5156177,0.0</coordinates></Point>
  </Placemark>

  <Placemark>
    <name>London</name>
    <styleUrl>#cityStyle</styleUrl>
    <description>Date: 28-Aug-08 | Miles: None</description>
    <Point><coordinates>-0.0919983,51.5156177,0.0</coordinates></Point>
  </Placemark>

  <Placemark>
    <name>London</name>
    <styleUrl>#cityStyle</styleUrl>
    <description>Date: 28-Aug-08 | Miles: None</description>
    <Point><coordinates>-0.0919983,51.5156177,0.0</coordinates></Point>
  </Placemark>

  <Placemark>
    <name>Leeds</name>
    <styleUrl>#cityStyle</styleUrl>
    <description>Date: 29-Aug-08 | Miles: None</description>
    <Point><coordinates>-1.555110999,53.8057925,0.0</coordinates></Point>
  </Placemark>

  <Placemark>
    <name>Leeds</name>
    <styleUrl>#cityStyle</styleUrl>
    <description>Date: 29-Aug-08 | Miles: None</description>
    <Point><coordinates>-1.555110999,53.8057925,0.0</coordinates></Point>
  </Placemark>

  <Placemark>
    <name>Portsmouth</name>
    <styleUrl>#cityStyle</styleUrl>
    <description>Date: 15-Nov-08 | Miles: None</description>
    <Point><coordinates>-1.096896755,50.79144385,0.0</coordinates></Point>
  </Placemark>

  <Placemark>
    <name>Portsmouth</name>
    <styleUrl>#cityStyle</styleUrl>
    <description>Date: 15-Nov-08 | Miles: None</description>
    <Point><coordinates>-1.096896755,50.79144385,0.0</coordinates></Point>
  </Placemark>

  <Placemark>
    <name>Austin</name>
    <styleUrl>#cityStyle</styleUrl>
    <description>Date: 10-Mar-09 | Miles: None</description>
    <Point><coordinates>-97.73393515,30.2851494,0.0</coordinates></Point>
  </Placemark>

  <Placemark>
    <name>Austin</name>
    <styleUrl>#cityStyle</styleUrl>
    <description>Date: 10-Mar-09 | Miles: None</description>
    <Point><coordinates>-97.73393515,30.2851494,0.0</coordinates></Point>
  </Placemark>

  <Placemark>
    <name>Houston</name>
    <styleUrl>#cityStyle</styleUrl>
    <description>Date: 12-Mar-09 | Miles: None</description>
    <Point><coordinates>-95.3676974,29.7589382,0.0</coordinates></Point>
  </Placemark>

  <Placemark>
    <name>Houston</name>
    <styleUrl>#cityStyle</styleUrl>
    <description>Date: 12-Mar-09 | Miles: None</description>
    <Point><coordinates>-95.3676974,29.7589382,0.0</coordinates></Point>
  </Placemark>

  <Placemark>
    <name>Los Angeles</name>
    <styleUrl>#cityStyle</styleUrl>
    <description>Date: 12-Mar-09 | Miles: None</description>
    <Point><coordinates>-118.4468503,34.07087775,0.0</coordinates></Point>
  </Placemark>

  <Placemark>
    <name>Los Angeles</name>
    <styleUrl>#cityStyle</styleUrl>
    <description>Date: 12-Mar-09 | Miles: None</description>
    <Point><coordinates>-118.4468503,34.07087775,0.0</coordinates></Point>
  </Placemark>

  <Placemark>
    <name>Los Angeles</name>
    <styleUrl>#cityStyle</styleUrl>
    <description>Date: 14-Mar-09 | Miles: None</description>
    <Point><coordinates>-118.4468503,34.07087775,0.0</coordinates></Point>
  </Placemark>

  <Placemark>
    <name>Los Angeles</name>
    <styleUrl>#cityStyle</styleUrl>
    <description>Date: 14-Mar-09 | Miles: None</description>
    <Point><coordinates>-118.4468503,34.07087775,0.0</coordinates></Point>
  </Placemark>

  <Placemark>
    <name>Houston</name>
    <styleUrl>#cityStyle</styleUrl>
    <description>Date: 16-Mar-09 | Miles: None</description>
    <Point><coordinates>-95.3676974,29.7589382,0.0</coordinates></Point>
  </Placemark>

  <Placemark>
    <name>Houston</name>
    <styleUrl>#cityStyle</styleUrl>
    <description>Date: 16-Mar-09 | Miles: None</description>
    <Point><coordinates>-95.3676974,29.7589382,0.0</coordinates></Point>
  </Placemark>

  <Placemark>
    <name>Austin</name>
    <styleUrl>#cityStyle</styleUrl>
    <description>Date: 16-Mar-09 | Miles: None</description>
    <Point><coordinates>-97.73393515,30.2851494,0.0</coordinates></Point>
  </Placemark>

  <Placemark>
    <name>Austin</name>
    <styleUrl>#cityStyle</styleUrl>
    <description>Date: 16-Mar-09 | Miles: None</description>
    <Point><coordinates>-97.73393515,30.2851494,0.0</coordinates></Point>
  </Placemark>

  <Placemark>
    <name>Austin</name>
    <styleUrl>#cityStyle</styleUrl>
    <description>Date: 18-Mar-09 | Miles: None</description>
    <Point><coordinates>-97.73393515,30.2851494,0.0</coordinates></Point>
  </Placemark>

  <Placemark>
    <name>Austin</name>
    <styleUrl>#cityStyle</styleUrl>
    <description>Date: 18-Mar-09 | Miles: None</description>
    <Point><coordinates>-97.73393515,30.2851494,0.0</coordinates></Point>
  </Placemark>

  <Placemark>
    <name>Austin</name>
    <styleUrl>#cityStyle</styleUrl>
    <description>Date: 19-Mar-09 | Miles: None</description>
    <Point><coordinates>-97.73393515,30.2851494,0.0</coordinates></Point>
  </Placemark>

  <Placemark>
    <name>Austin</name>
    <styleUrl>#cityStyle</styleUrl>
    <description>Date: 19-Mar-09 | Miles: None</description>
    <Point><coordinates>-97.73393515,30.2851494,0.0</coordinates></Point>
  </Placemark>

  <Placemark>
    <name>Austin</name>
    <styleUrl>#cityStyle</styleUrl>
    <description>Date: 20-Mar-09 | Miles: None</description>
    <Point><coordinates>-97.73393515,30.2851494,0.0</coordinates></Point>
  </Placemark>

  <Placemark>
    <name>Austin</name>
    <styleUrl>#cityStyle</styleUrl>
    <description>Date: 20-Mar-09 | Miles: None</description>
    <Point><coordinates>-97.73393515,30.2851494,0.0</coordinates></Point>
  </Placemark>

  <Placemark>
    <name>Austin</name>
    <styleUrl>#cityStyle</styleUrl>
    <description>Date: 20-Mar-09 | Miles: None</description>
    <Point><coordinates>-97.73393515,30.2851494,0.0</coordinates></Point>
  </Placemark>

  <Placemark>
    <name>Austin</name>
    <styleUrl>#cityStyle</styleUrl>
    <description>Date: 20-Mar-09 | Miles: None</description>
    <Point><coordinates>-97.73393515,30.2851494,0.0</coordinates></Point>
  </Placemark>

  <Placemark>
    <name>Austin</name>
    <styleUrl>#cityStyle</styleUrl>
    <description>Date: 21-Mar-09 | Miles: None</description>
    <Point><coordinates>-97.73393515,30.2851494,0.0</coordinates></Point>
  </Placemark>

  <Placemark>
    <name>Austin</name>
    <styleUrl>#cityStyle</styleUrl>
    <description>Date: 21-Mar-09 | Miles: None</description>
    <Point><coordinates>-97.73393515,30.2851494,0.0</coordinates></Point>
  </Placemark>

  <Placemark>
    <name>Austin</name>
    <styleUrl>#cityStyle</styleUrl>
    <description>Date: 22-Mar-09 | Miles: None</description>
    <Point><coordinates>-97.73393515,30.2851494,0.0</coordinates></Point>
  </Placemark>

  <Placemark>
    <name>Austin</name>
    <styleUrl>#cityStyle</styleUrl>
    <description>Date: 22-Mar-09 | Miles: None</description>
    <Point><coordinates>-97.73393515,30.2851494,0.0</coordinates></Point>
  </Placemark>

  <Placemark>
    <name>Los Angeles</name>
    <styleUrl>#cityStyle</styleUrl>
    <description>Date: 24-Mar-09 | Miles: None</description>
    <Point><coordinates>-118.4468503,34.07087775,0.0</coordinates></Point>
  </Placemark>

  <Placemark>
    <name>Los Angeles</name>
    <styleUrl>#cityStyle</styleUrl>
    <description>Date: 24-Mar-09 | Miles: None</description>
    <Point><coordinates>-118.4468503,34.07087775,0.0</coordinates></Point>
  </Placemark>

  <Placemark>
    <name>San Diego</name>
    <styleUrl>#cityStyle</styleUrl>
    <description>Date: 28-Mar-09 | Miles: None</description>
    <Point><coordinates>-117.1543311,32.71979425,0.0</coordinates></Point>
  </Placemark>

  <Placemark>
    <name>San Diego</name>
    <styleUrl>#cityStyle</styleUrl>
    <description>Date: 28-Mar-09 | Miles: None</description>
    <Point><coordinates>-117.1543311,32.71979425,0.0</coordinates></Point>
  </Placemark>

  <Placemark>
    <name>Austin</name>
    <styleUrl>#cityStyle</styleUrl>
    <description>Date: 07-Apr-09 | Miles: None</description>
    <Point><coordinates>-97.73393515,30.2851494,0.0</coordinates></Point>
  </Placemark>

  <Placemark>
    <name>Austin</name>
    <styleUrl>#cityStyle</styleUrl>
    <description>Date: 07-Apr-09 | Miles: None</description>
    <Point><coordinates>-97.73393515,30.2851494,0.0</coordinates></Point>
  </Placemark>

  <Placemark>
    <name>Denver</name>
    <styleUrl>#cityStyle</styleUrl>
    <description>Date: 07-Apr-09 | Miles: None</description>
    <Point><coordinates>-104.6853673,39.8606676,0.0</coordinates></Point>
  </Placemark>

  <Placemark>
    <name>Denver</name>
    <styleUrl>#cityStyle</styleUrl>
    <description>Date: 07-Apr-09 | Miles: None</description>
    <Point><coordinates>-104.6853673,39.8606676,0.0</coordinates></Point>
  </Placemark>

  <Placemark>
    <name>Palm Springs</name>
    <styleUrl>#cityStyle</styleUrl>
    <description>Date: 09-Apr-09 | Miles: None</description>
    <Point><coordinates>-116.540303,33.8246269,0.0</coordinates></Point>
  </Placemark>

  <Placemark>
    <name>Palm Springs</name>
    <styleUrl>#cityStyle</styleUrl>
    <description>Date: 09-Apr-09 | Miles: None</description>
    <Point><coordinates>-116.540303,33.8246269,0.0</coordinates></Point>
  </Placemark>

  <Placemark>
    <name>Charlotte</name>
    <styleUrl>#cityStyle</styleUrl>
    <description>Date: 27-Apr-09 | Miles: None</description>
    <Point><coordinates>-80.8430827,35.2272086,0.0</coordinates></Point>
  </Placemark>

  <Placemark>
    <name>Charlotte</name>
    <styleUrl>#cityStyle</styleUrl>
    <description>Date: 27-Apr-09 | Miles: None</description>
    <Point><coordinates>-80.8430827,35.2272086,0.0</coordinates></Point>
  </Placemark>

  <Placemark>
    <name>Pensulvannia</name>
    <styleUrl>#cityStyle</styleUrl>
    <description>Date: 27-Apr-09 | Miles: None</description>
    <Point><coordinates>-74.191401,39.938948,0.0</coordinates></Point>
  </Placemark>

  <Placemark>
    <name>Pensulvannia</name>
    <styleUrl>#cityStyle</styleUrl>
    <description>Date: 27-Apr-09 | Miles: None</description>
    <Point><coordinates>-74.191401,39.938948,0.0</coordinates></Point>
  </Placemark>

  <Placemark>
    <name>Manchester</name>
    <styleUrl>#cityStyle</styleUrl>
    <description>Date: 27-Apr-09 | Miles: None</description>
    <Point><coordinates>-2.233085819,53.46602255,0.0</coordinates></Point>
  </Placemark>

  <Placemark>
    <name>Manchester</name>
    <styleUrl>#cityStyle</styleUrl>
    <description>Date: 27-Apr-09 | Miles: None</description>
    <Point><coordinates>-2.233085819,53.46602255,0.0</coordinates></Point>
  </Placemark>

  <Placemark>
    <name>Manchester</name>
    <styleUrl>#cityStyle</styleUrl>
    <description>Date: 27-Apr-09 | Miles: None</description>
    <Point><coordinates>-2.233085819,53.46602255,0.0</coordinates></Point>
  </Placemark>

  <Placemark>
    <name>Manchester</name>
    <styleUrl>#cityStyle</styleUrl>
    <description>Date: 27-Apr-09 | Miles: None</description>
    <Point><coordinates>-2.233085819,53.46602255,0.0</coordinates></Point>
  </Placemark>

  <Placemark>
    <name>Leeds</name>
    <styleUrl>#cityStyle</styleUrl>
    <description>Date: 28-Apr-09 | Miles: None</description>
    <Point><coordinates>-1.555110999,53.8057925,0.0</coordinates></Point>
  </Placemark>

  <Placemark>
    <name>Leeds</name>
    <styleUrl>#cityStyle</styleUrl>
    <description>Date: 28-Apr-09 | Miles: None</description>
    <Point><coordinates>-1.555110999,53.8057925,0.0</coordinates></Point>
  </Placemark>

  <Placemark>
    <name>Valencia</name>
    <styleUrl>#cityStyle</styleUrl>
    <description>Date: 10-May-09 | Miles: None</description>
    <Point><coordinates>-0.3763353,39.4697065,0.0</coordinates></Point>
  </Placemark>

  <Placemark>
    <name>Valencia</name>
    <styleUrl>#cityStyle</styleUrl>
    <description>Date: 10-May-09 | Miles: None</description>
    <Point><coordinates>-0.3763353,39.4697065,0.0</coordinates></Point>
  </Placemark>

  <Placemark>
    <name>Madrid</name>
    <styleUrl>#cityStyle</styleUrl>
    <description>Date: 10-May-09 | Miles: None</description>
    <Point><coordinates>-3.7035825,40.4167047,0.0</coordinates></Point>
  </Placemark>

  <Placemark>
    <name>Madrid</name>
    <styleUrl>#cityStyle</styleUrl>
    <description>Date: 10-May-09 | Miles: None</description>
    <Point><coordinates>-3.7035825,40.4167047,0.0</coordinates></Point>
  </Placemark>

  <Placemark>
    <name>Barcelona</name>
    <styleUrl>#cityStyle</styleUrl>
    <description>Date: 10-May-09 | Miles: None</description>
    <Point><coordinates>2.177073,41.3825802,0.0</coordinates></Point>
  </Placemark>

  <Placemark>
    <name>Barcelona</name>
    <styleUrl>#cityStyle</styleUrl>
    <description>Date: 10-May-09 | Miles: None</description>
    <Point><coordinates>2.177073,41.3825802,0.0</coordinates></Point>
  </Placemark>

  <Placemark>
    <name>Gerona</name>
    <styleUrl>#cityStyle</styleUrl>
    <description>Date: 10-May-09 | Miles: None</description>
    <Point><coordinates>8.9338624,44.40726,0.0</coordinates></Point>
  </Placemark>

  <Placemark>
    <name>Gerona</name>
    <styleUrl>#cityStyle</styleUrl>
    <description>Date: 10-May-09 | Miles: None</description>
    <Point><coordinates>8.9338624,44.40726,0.0</coordinates></Point>
  </Placemark>

  <Placemark>
    <name>Bilbao</name>
    <styleUrl>#cityStyle</styleUrl>
    <description>Date: 11-May-09 | Miles: None</description>
    <Point><coordinates>-2.9350039,43.2630018,0.0</coordinates></Point>
  </Placemark>

  <Placemark>
    <name>Bilbao</name>
    <styleUrl>#cityStyle</styleUrl>
    <description>Date: 11-May-09 | Miles: None</description>
    <Point><coordinates>-2.9350039,43.2630018,0.0</coordinates></Point>
  </Placemark>

  <Placemark>
    <name>Valencia</name>
    <styleUrl>#cityStyle</styleUrl>
    <description>Date: 12-May-09 | Miles: None</description>
    <Point><coordinates>-0.3763353,39.4697065,0.0</coordinates></Point>
  </Placemark>

  <Placemark>
    <name>Valencia</name>
    <styleUrl>#cityStyle</styleUrl>
    <description>Date: 12-May-09 | Miles: None</description>
    <Point><coordinates>-0.3763353,39.4697065,0.0</coordinates></Point>
  </Placemark>

  <Placemark>
    <name>Berlin</name>
    <styleUrl>#cityStyle</styleUrl>
    <description>Date: 12-May-09 | Miles: None</description>
    <Point><coordinates>13.3989367,52.510885,0.0</coordinates></Point>
  </Placemark>

  <Placemark>
    <name>Berlin</name>
    <styleUrl>#cityStyle</styleUrl>
    <description>Date: 12-May-09 | Miles: None</description>
    <Point><coordinates>13.3989367,52.510885,0.0</coordinates></Point>
  </Placemark>

  <Placemark>
    <name>Bilbao</name>
    <styleUrl>#cityStyle</styleUrl>
    <description>Date: 13-May-09 | Miles: None</description>
    <Point><coordinates>-2.9350039,43.2630018,0.0</coordinates></Point>
  </Placemark>

  <Placemark>
    <name>Bilbao</name>
    <styleUrl>#cityStyle</styleUrl>
    <description>Date: 13-May-09 | Miles: None</description>
    <Point><coordinates>-2.9350039,43.2630018,0.0</coordinates></Point>
  </Placemark>

  <Placemark>
    <name>Vitoria-?Gasteiz (Bilbao area), ES</name>
    <styleUrl>#cityStyle</styleUrl>
    <description>Date: 14-May-09 | Miles: None</description>
    <Point><coordinates>-2.670217196,42.8521528,0.0</coordinates></Point>
  </Placemark>

  <Placemark>
    <name>Vitoria-?Gasteiz (Bilbao area), ES</name>
    <styleUrl>#cityStyle</styleUrl>
    <description>Date: 14-May-09 | Miles: None</description>
    <Point><coordinates>-2.670217196,42.8521528,0.0</coordinates></Point>
  </Placemark>

  <Placemark>
    <name>Vitoria-?Gasteiz (Bilbao area), ES</name>
    <styleUrl>#cityStyle</styleUrl>
    <description>Date: 14-May-09 | Miles: None</description>
    <Point><coordinates>-2.670217196,42.8521528,0.0</coordinates></Point>
  </Placemark>

  <Placemark>
    <name>Vitoria-?Gasteiz (Bilbao area), ES</name>
    <styleUrl>#cityStyle</styleUrl>
    <description>Date: 14-May-09 | Miles: None</description>
    <Point><coordinates>-2.670217196,42.8521528,0.0</coordinates></Point>
  </Placemark>

  <Placemark>
    <name>London</name>
    <styleUrl>#cityStyle</styleUrl>
    <description>Date: 15-May-09 | Miles: None</description>
    <Point><coordinates>-0.0919983,51.5156177,0.0</coordinates></Point>
  </Placemark>

  <Placemark>
    <name>London</name>
    <styleUrl>#cityStyle</styleUrl>
    <description>Date: 15-May-09 | Miles: None</description>
    <Point><coordinates>-0.0919983,51.5156177,0.0</coordinates></Point>
  </Placemark>

  <Placemark>
    <name>London</name>
    <styleUrl>#cityStyle</styleUrl>
    <description>Date: 15-May-09 | Miles: None</description>
    <Point><coordinates>-0.0919983,51.5156177,0.0</coordinates></Point>
  </Placemark>

  <Placemark>
    <name>London</name>
    <styleUrl>#cityStyle</styleUrl>
    <description>Date: 15-May-09 | Miles: None</description>
    <Point><coordinates>-0.0919983,51.5156177,0.0</coordinates></Point>
  </Placemark>

  <Placemark>
    <name>Brighton</name>
    <styleUrl>#cityStyle</styleUrl>
    <description>Date: 16-May-09 | Miles: None</description>
    <Point><coordinates>-0.138727619,50.82243585,0.0</coordinates></Point>
  </Placemark>

  <Placemark>
    <name>Brighton</name>
    <styleUrl>#cityStyle</styleUrl>
    <description>Date: 16-May-09 | Miles: None</description>
    <Point><coordinates>-0.138727619,50.82243585,0.0</coordinates></Point>
  </Placemark>

  <Placemark>
    <name>Leeds</name>
    <styleUrl>#cityStyle</styleUrl>
    <description>Date: 16-May-09 | Miles: None</description>
    <Point><coordinates>-1.555110999,53.8057925,0.0</coordinates></Point>
  </Placemark>

  <Placemark>
    <name>Leeds</name>
    <styleUrl>#cityStyle</styleUrl>
    <description>Date: 16-May-09 | Miles: None</description>
    <Point><coordinates>-1.555110999,53.8057925,0.0</coordinates></Point>
  </Placemark>

  <Placemark>
    <name>London</name>
    <styleUrl>#cityStyle</styleUrl>
    <description>Date: 18-May-09 | Miles: None</description>
    <Point><coordinates>-0.0919983,51.5156177,0.0</coordinates></Point>
  </Placemark>

  <Placemark>
    <name>London</name>
    <styleUrl>#cityStyle</styleUrl>
    <description>Date: 18-May-09 | Miles: None</description>
    <Point><coordinates>-0.0919983,51.5156177,0.0</coordinates></Point>
  </Placemark>

  <Placemark>
    <name>Leeds</name>
    <styleUrl>#cityStyle</styleUrl>
    <description>Date: 19-May-09 | Miles: None</description>
    <Point><coordinates>-1.555110999,53.8057925,0.0</coordinates></Point>
  </Placemark>

  <Placemark>
    <name>Leeds</name>
    <styleUrl>#cityStyle</styleUrl>
    <description>Date: 19-May-09 | Miles: None</description>
    <Point><coordinates>-1.555110999,53.8057925,0.0</coordinates></Point>
  </Placemark>

  <Placemark>
    <name>Liverpool</name>
    <styleUrl>#cityStyle</styleUrl>
    <description>Date: 21-May-09 | Miles: None</description>
    <Point><coordinates>2.973183931,53.39731755,0.0</coordinates></Point>
  </Placemark>

  <Placemark>
    <name>Liverpool</name>
    <styleUrl>#cityStyle</styleUrl>
    <description>Date: 21-May-09 | Miles: None</description>
    <Point><coordinates>2.973183931,53.39731755,0.0</coordinates></Point>
  </Placemark>

  <Placemark>
    <name>Frankfurt</name>
    <styleUrl>#cityStyle</styleUrl>
    <description>Date: 04-Jun-09 | Miles: None</description>
    <Point><coordinates>8.6820917,50.1106444,0.0</coordinates></Point>
  </Placemark>

  <Placemark>
    <name>Frankfurt</name>
    <styleUrl>#cityStyle</styleUrl>
    <description>Date: 04-Jun-09 | Miles: None</description>
    <Point><coordinates>8.6820917,50.1106444,0.0</coordinates></Point>
  </Placemark>

  <Placemark>
    <name>Nurenburg</name>
    <styleUrl>#cityStyle</styleUrl>
    <description>Date: 05-Jun-09 | Miles: None</description>
    <Point><coordinates>11.05224609,49.45384259,0.0</coordinates></Point>
  </Placemark>

  <Placemark>
    <name>Nurenburg</name>
    <styleUrl>#cityStyle</styleUrl>
    <description>Date: 05-Jun-09 | Miles: None</description>
    <Point><coordinates>11.05224609,49.45384259,0.0</coordinates></Point>
  </Placemark>

  <Placemark>
    <name>Zeppelinfeld</name>
    <styleUrl>#cityStyle</styleUrl>
    <description>Date: 06-Jun-09 | Miles: None</description>
    <Point><coordinates>11.1214896,49.4324193,0.0</coordinates></Point>
  </Placemark>

  <Placemark>
    <name>Zeppelinfeld</name>
    <styleUrl>#cityStyle</styleUrl>
    <description>Date: 06-Jun-09 | Miles: None</description>
    <Point><coordinates>11.1214896,49.4324193,0.0</coordinates></Point>
  </Placemark>

  <Placemark>
    <name>Zeppelinfeld</name>
    <styleUrl>#cityStyle</styleUrl>
    <description>Date: 06-Jun-09 | Miles: None</description>
    <Point><coordinates>11.1214896,49.4324193,0.0</coordinates></Point>
  </Placemark>

  <Placemark>
    <name>Zeppelinfeld</name>
    <styleUrl>#cityStyle</styleUrl>
    <description>Date: 06-Jun-09 | Miles: None</description>
    <Point><coordinates>11.1214896,49.4324193,0.0</coordinates></Point>
  </Placemark>

  <Placemark>
    <name>Verona Italy</name>
    <styleUrl>#cityStyle</styleUrl>
    <description>Date: 08-Jun-09 | Miles: None</description>
    <Point><coordinates>10.9924122,45.4384958,0.0</coordinates></Point>
  </Placemark>

  <Placemark>
    <name>Verona Italy</name>
    <styleUrl>#cityStyle</styleUrl>
    <description>Date: 08-Jun-09 | Miles: None</description>
    <Point><coordinates>10.9924122,45.4384958,0.0</coordinates></Point>
  </Placemark>

  <Placemark>
    <name>Milano</name>
    <styleUrl>#cityStyle</styleUrl>
    <description>Date: 08-Jun-09 | Miles: None</description>
    <Point><coordinates>9.1896346,45.4641943,0.0</coordinates></Point>
  </Placemark>

  <Placemark>
    <name>Milano</name>
    <styleUrl>#cityStyle</styleUrl>
    <description>Date: 08-Jun-09 | Miles: None</description>
    <Point><coordinates>9.1896346,45.4641943,0.0</coordinates></Point>
  </Placemark>

  <Placemark>
    <name>Rome</name>
    <styleUrl>#cityStyle</styleUrl>
    <description>Date: 09-Jun-09 | Miles: None</description>
    <Point><coordinates>12.4829321,41.8933203,0.0</coordinates></Point>
  </Placemark>

  <Placemark>
    <name>Rome</name>
    <styleUrl>#cityStyle</styleUrl>
    <description>Date: 09-Jun-09 | Miles: None</description>
    <Point><coordinates>12.4829321,41.8933203,0.0</coordinates></Point>
  </Placemark>

  <Placemark>
    <name>Rimini</name>
    <styleUrl>#cityStyle</styleUrl>
    <description>Date: 10-Jun-09 | Miles: None</description>
    <Point><coordinates>12.5684371,44.0593886,0.0</coordinates></Point>
  </Placemark>

  <Placemark>
    <name>Rimini</name>
    <styleUrl>#cityStyle</styleUrl>
    <description>Date: 10-Jun-09 | Miles: None</description>
    <Point><coordinates>12.5684371,44.0593886,0.0</coordinates></Point>
  </Placemark>

  <Placemark>
    <name>Barcelona</name>
    <styleUrl>#cityStyle</styleUrl>
    <description>Date: 11-Jun-09 | Miles: None</description>
    <Point><coordinates>2.177073,41.3825802,0.0</coordinates></Point>
  </Placemark>

  <Placemark>
    <name>Barcelona</name>
    <styleUrl>#cityStyle</styleUrl>
    <description>Date: 11-Jun-09 | Miles: None</description>
    <Point><coordinates>2.177073,41.3825802,0.0</coordinates></Point>
  </Placemark>

  <Placemark>
    <name>Gerona</name>
    <styleUrl>#cityStyle</styleUrl>
    <description>Date: 11-Jun-09 | Miles: None</description>
    <Point><coordinates>8.9338624,44.40726,0.0</coordinates></Point>
  </Placemark>

  <Placemark>
    <name>Gerona</name>
    <styleUrl>#cityStyle</styleUrl>
    <description>Date: 11-Jun-09 | Miles: None</description>
    <Point><coordinates>8.9338624,44.40726,0.0</coordinates></Point>
  </Placemark>

  <Placemark>
    <name>Milano</name>
    <styleUrl>#cityStyle</styleUrl>
    <description>Date: 11-Jun-09 | Miles: None</description>
    <Point><coordinates>9.1896346,45.4641943,0.0</coordinates></Point>
  </Placemark>

  <Placemark>
    <name>Milano</name>
    <styleUrl>#cityStyle</styleUrl>
    <description>Date: 11-Jun-09 | Miles: None</description>
    <Point><coordinates>9.1896346,45.4641943,0.0</coordinates></Point>
  </Placemark>

  <Placemark>
    <name>Barcelona</name>
    <styleUrl>#cityStyle</styleUrl>
    <description>Date: 12-Jun-09 | Miles: None</description>
    <Point><coordinates>2.177073,41.3825802,0.0</coordinates></Point>
  </Placemark>

  <Placemark>
    <name>Barcelona</name>
    <styleUrl>#cityStyle</styleUrl>
    <description>Date: 12-Jun-09 | Miles: None</description>
    <Point><coordinates>2.177073,41.3825802,0.0</coordinates></Point>
  </Placemark>

  <Placemark>
    <name>Barcelona</name>
    <styleUrl>#cityStyle</styleUrl>
    <description>Date: 12-Jun-09 | Miles: None</description>
    <Point><coordinates>2.177073,41.3825802,0.0</coordinates></Point>
  </Placemark>

  <Placemark>
    <name>Barcelona</name>
    <styleUrl>#cityStyle</styleUrl>
    <description>Date: 12-Jun-09 | Miles: None</description>
    <Point><coordinates>2.177073,41.3825802,0.0</coordinates></Point>
  </Placemark>

  <Placemark>
    <name>Montpelier</name>
    <styleUrl>#cityStyle</styleUrl>
    <description>Date: 13-Jun-09 | Miles: None</description>
    <Point><coordinates>3.8767337,43.6112422,0.0</coordinates></Point>
  </Placemark>

  <Placemark>
    <name>Montpelier</name>
    <styleUrl>#cityStyle</styleUrl>
    <description>Date: 13-Jun-09 | Miles: None</description>
    <Point><coordinates>3.8767337,43.6112422,0.0</coordinates></Point>
  </Placemark>

  <Placemark>
    <name>Niemes(area) France</name>
    <styleUrl>#cityStyle</styleUrl>
    <description>Date: 13-Jun-09 | Miles: None</description>
    <Point><coordinates>4.359624547,43.8348854,0.0</coordinates></Point>
  </Placemark>

  <Placemark>
    <name>Niemes(area) France</name>
    <styleUrl>#cityStyle</styleUrl>
    <description>Date: 13-Jun-09 | Miles: None</description>
    <Point><coordinates>4.359624547,43.8348854,0.0</coordinates></Point>
  </Placemark>

  <Placemark>
    <name>Nimes</name>
    <styleUrl>#cityStyle</styleUrl>
    <description>Date: 15-Jun-09 | Miles: None</description>
    <Point><coordinates>4.359624547,43.8348854,0.0</coordinates></Point>
  </Placemark>

  <Placemark>
    <name>Nimes</name>
    <styleUrl>#cityStyle</styleUrl>
    <description>Date: 15-Jun-09 | Miles: None</description>
    <Point><coordinates>4.359624547,43.8348854,0.0</coordinates></Point>
  </Placemark>

  <Placemark>
    <name>Liverpool</name>
    <styleUrl>#cityStyle</styleUrl>
    <description>Date: 15-Jun-09 | Miles: None</description>
    <Point><coordinates>2.973183931,53.39731755,0.0</coordinates></Point>
  </Placemark>

  <Placemark>
    <name>Liverpool</name>
    <styleUrl>#cityStyle</styleUrl>
    <description>Date: 15-Jun-09 | Miles: None</description>
    <Point><coordinates>2.973183931,53.39731755,0.0</coordinates></Point>
  </Placemark>

  <Placemark>
    <name>Leeds</name>
    <styleUrl>#cityStyle</styleUrl>
    <description>Date: 15-Jun-09 | Miles: None</description>
    <Point><coordinates>-1.555110999,53.8057925,0.0</coordinates></Point>
  </Placemark>

  <Placemark>
    <name>Leeds</name>
    <styleUrl>#cityStyle</styleUrl>
    <description>Date: 15-Jun-09 | Miles: None</description>
    <Point><coordinates>-1.555110999,53.8057925,0.0</coordinates></Point>
  </Placemark>

  <Placemark>
    <name>Morecambe, Northwest</name>
    <styleUrl>#cityStyle</styleUrl>
    <description>Date: 13-Jul-09 | Miles: None</description>
    <Point><coordinates>-2.8704017,54.0723784,0.0</coordinates></Point>
  </Placemark>

  <Placemark>
    <name>Morecambe, Northwest</name>
    <styleUrl>#cityStyle</styleUrl>
    <description>Date: 13-Jul-09 | Miles: None</description>
    <Point><coordinates>-2.8704017,54.0723784,0.0</coordinates></Point>
  </Placemark>

  <Placemark>
    <name>Morecambe, Northwest</name>
    <styleUrl>#cityStyle</styleUrl>
    <description>Date: 13-Jul-09 | Miles: None</description>
    <Point><coordinates>-2.8704017,54.0723784,0.0</coordinates></Point>
  </Placemark>

  <Placemark>
    <name>Morecambe, Northwest</name>
    <styleUrl>#cityStyle</styleUrl>
    <description>Date: 13-Jul-09 | Miles: None</description>
    <Point><coordinates>-2.8704017,54.0723784,0.0</coordinates></Point>
  </Placemark>

  <Placemark>
    <name>Bari</name>
    <styleUrl>#cityStyle</styleUrl>
    <description>Date: 14-Jul-09 | Miles: None</description>
    <Point><coordinates>41.1257843,16.87,0.0</coordinates></Point>
  </Placemark>

  <Placemark>
    <name>Bari</name>
    <styleUrl>#cityStyle</styleUrl>
    <description>Date: 14-Jul-09 | Miles: None</description>
    <Point><coordinates>41.1257843,16.87,0.0</coordinates></Point>
  </Placemark>

  <Placemark>
    <name>London</name>
    <styleUrl>#cityStyle</styleUrl>
    <description>Date: 14-Jul-09 | Miles: None</description>
    <Point><coordinates>-0.0919983,51.5156177,0.0</coordinates></Point>
  </Placemark>

  <Placemark>
    <name>London and South East</name>
    <styleUrl>#cityStyle</styleUrl>
    <description>Date: 14-Jul-09 | Miles: None</description>
    <Point><coordinates>-0.0919983,51.5156177,0.0</coordinates></Point>
  </Placemark>

  <Placemark>
    <name>London</name>
    <styleUrl>#cityStyle</styleUrl>
    <description>Date: 14-Jul-09 | Miles: None</description>
    <Point><coordinates>-0.0919983,51.5156177,0.0</coordinates></Point>
  </Placemark>

  <Placemark>
    <name>London and South East</name>
    <styleUrl>#cityStyle</styleUrl>
    <description>Date: 14-Jul-09 | Miles: None</description>
    <Point><coordinates>-0.0919983,51.5156177,0.0</coordinates></Point>
  </Placemark>

  <Placemark>
    <name>Leeds</name>
    <styleUrl>#cityStyle</styleUrl>
    <description>Date: 14-Jul-09 | Miles: None</description>
    <Point><coordinates>-1.555110999,53.8057925,0.0</coordinates></Point>
  </Placemark>

  <Placemark>
    <name>Leeds</name>
    <styleUrl>#cityStyle</styleUrl>
    <description>Date: 14-Jul-09 | Miles: None</description>
    <Point><coordinates>-1.555110999,53.8057925,0.0</coordinates></Point>
  </Placemark>

  <Placemark>
    <name>Napoli</name>
    <styleUrl>#cityStyle</styleUrl>
    <description>Date: 15-Jul-09 | Miles: None</description>
    <Point><coordinates>13.0001566,55.6052931,0.0</coordinates></Point>
  </Placemark>

  <Placemark>
    <name>Napoli, Napoli</name>
    <styleUrl>#cityStyle</styleUrl>
    <description>Date: 15-Jul-09 | Miles: None</description>
    <Point><coordinates>13.0001566,55.6052931,0.0</coordinates></Point>
  </Placemark>

  <Placemark>
    <name>Napoli</name>
    <styleUrl>#cityStyle</styleUrl>
    <description>Date: 15-Jul-09 | Miles: None</description>
    <Point><coordinates>13.0001566,55.6052931,0.0</coordinates></Point>
  </Placemark>

  <Placemark>
    <name>Napoli, Napoli</name>
    <styleUrl>#cityStyle</styleUrl>
    <description>Date: 15-Jul-09 | Miles: None</description>
    <Point><coordinates>13.0001566,55.6052931,0.0</coordinates></Point>
  </Placemark>

  <Placemark>
    <name>Bari</name>
    <styleUrl>#cityStyle</styleUrl>
    <description>Date: 16-Jul-09 | Miles: None</description>
    <Point><coordinates>41.1257843,41.1257843,0.0</coordinates></Point>
  </Placemark>

  <Placemark>
    <name>Bari</name>
    <styleUrl>#cityStyle</styleUrl>
    <description>Date: 16-Jul-09 | Miles: None</description>
    <Point><coordinates>41.1257843,41.1257843,0.0</coordinates></Point>
  </Placemark>

  <Placemark>
    <name>Sabiha</name>
    <styleUrl>#cityStyle</styleUrl>
    <description>Date: 17-Jul-09 | Miles: None</description>
    <Point><coordinates>29.31180584,40.89433405,0.0</coordinates></Point>
  </Placemark>

  <Placemark>
    <name>Sabiha</name>
    <styleUrl>#cityStyle</styleUrl>
    <description>Date: 17-Jul-09 | Miles: None</description>
    <Point><coordinates>29.31180584,40.89433405,0.0</coordinates></Point>
  </Placemark>

  <Placemark>
    <name>Sabiha</name>
    <styleUrl>#cityStyle</styleUrl>
    <description>Date: 18-Jul-09 | Miles: None</description>
    <Point><coordinates>29.31180584,40.89433405,0.0</coordinates></Point>
  </Placemark>

  <Placemark>
    <name>Sabiha</name>
    <styleUrl>#cityStyle</styleUrl>
    <description>Date: 18-Jul-09 | Miles: None</description>
    <Point><coordinates>29.31180584,40.89433405,0.0</coordinates></Point>
  </Placemark>

  <Placemark>
    <name>Basel</name>
    <styleUrl>#cityStyle</styleUrl>
    <description>Date: 18-Jul-09 | Miles: None</description>
    <Point><coordinates>8.5410422,47.3744489,0.0</coordinates></Point>
  </Placemark>

  <Placemark>
    <name>Basel</name>
    <styleUrl>#cityStyle</styleUrl>
    <description>Date: 18-Jul-09 | Miles: None</description>
    <Point><coordinates>8.5410422,47.3744489,0.0</coordinates></Point>
  </Placemark>

  <Placemark>
    <name>Bern</name>
    <styleUrl>#cityStyle</styleUrl>
    <description>Date: 19-Jul-09 | Miles: None</description>
    <Point><coordinates>7.4399554,46.9489092,0.0</coordinates></Point>
  </Placemark>

  <Placemark>
    <name>Bern</name>
    <styleUrl>#cityStyle</styleUrl>
    <description>Date: 19-Jul-09 | Miles: None</description>
    <Point><coordinates>7.4399554,46.9489092,0.0</coordinates></Point>
  </Placemark>

  <Placemark>
    <name>Berne Switzerland</name>
    <styleUrl>#cityStyle</styleUrl>
    <description>Date: 19-Jul-09 | Miles: None</description>
    <Point><coordinates>7.4370123,46.9511697,0.0</coordinates></Point>
  </Placemark>

  <Placemark>
    <name>Berne Switzerland</name>
    <styleUrl>#cityStyle</styleUrl>
    <description>Date: 19-Jul-09 | Miles: None</description>
    <Point><coordinates>7.4370123,46.9511697,0.0</coordinates></Point>
  </Placemark>

  <Placemark>
    <name>Leeds</name>
    <styleUrl>#cityStyle</styleUrl>
    <description>Date: 20-Jul-09 | Miles: None</description>
    <Point><coordinates>-1.555110999,53.8057925,0.0</coordinates></Point>
  </Placemark>

  <Placemark>
    <name>Leeds</name>
    <styleUrl>#cityStyle</styleUrl>
    <description>Date: 20-Jul-09 | Miles: None</description>
    <Point><coordinates>-1.555110999,53.8057925,0.0</coordinates></Point>
  </Placemark>

  <Placemark>
    <name>Dusseldorf</name>
    <styleUrl>#cityStyle</styleUrl>
    <description>Date: 29-Jul-09 | Miles: None</description>
    <Point><coordinates>6.7943015,51.219734,0.0</coordinates></Point>
  </Placemark>

  <Placemark>
    <name>Dusseldorf</name>
    <styleUrl>#cityStyle</styleUrl>
    <description>Date: 29-Jul-09 | Miles: None</description>
    <Point><coordinates>6.7943015,51.219734,0.0</coordinates></Point>
  </Placemark>

  <Placemark>
    <name>Berlin</name>
    <styleUrl>#cityStyle</styleUrl>
    <description>Date: 29-Jul-09 | Miles: None</description>
    <Point><coordinates>13.3989367,52.510885,0.0</coordinates></Point>
  </Placemark>

  <Placemark>
    <name>Berlin</name>
    <styleUrl>#cityStyle</styleUrl>
    <description>Date: 29-Jul-09 | Miles: None</description>
    <Point><coordinates>13.3989367,52.510885,0.0</coordinates></Point>
  </Placemark>

  <Placemark>
    <name>Manchester</name>
    <styleUrl>#cityStyle</styleUrl>
    <description>Date: 29-Jul-09 | Miles: None</description>
    <Point><coordinates>-2.233085819,53.46602255,0.0</coordinates></Point>
  </Placemark>

  <Placemark>
    <name>Manchester</name>
    <styleUrl>#cityStyle</styleUrl>
    <description>Date: 29-Jul-09 | Miles: None</description>
    <Point><coordinates>-2.233085819,53.46602255,0.0</coordinates></Point>
  </Placemark>

  <Placemark>
    <name>Berlin</name>
    <styleUrl>#cityStyle</styleUrl>
    <description>Date: 30-Jul-09 | Miles: None</description>
    <Point><coordinates>13.3989367,52.510885,0.0</coordinates></Point>
  </Placemark>

  <Placemark>
    <name>Berlin</name>
    <styleUrl>#cityStyle</styleUrl>
    <description>Date: 30-Jul-09 | Miles: None</description>
    <Point><coordinates>13.3989367,52.510885,0.0</coordinates></Point>
  </Placemark>

  <Placemark>
    <name>Kostrzyn nad OdrÄ… Poland</name>
    <styleUrl>#cityStyle</styleUrl>
    <description>Date: 31-Jul-09 | Miles: None</description>
    <Point><coordinates>14.6279477,52.61626975,0.0</coordinates></Point>
  </Placemark>

  <Placemark>
    <name>Kostrzyn nad OdrÄ… Poland</name>
    <styleUrl>#cityStyle</styleUrl>
    <description>Date: 31-Jul-09 | Miles: None</description>
    <Point><coordinates>14.6279477,52.61626975,0.0</coordinates></Point>
  </Placemark>

  <Placemark>
    <name>Alicanti</name>
    <styleUrl>#cityStyle</styleUrl>
    <description>Date: 01-Aug-09 | Miles: None</description>
    <Point><coordinates>-0.4881708,38.3436365,0.0</coordinates></Point>
  </Placemark>

  <Placemark>
    <name>Alicanti</name>
    <styleUrl>#cityStyle</styleUrl>
    <description>Date: 01-Aug-09 | Miles: None</description>
    <Point><coordinates>-0.4881708,38.3436365,0.0</coordinates></Point>
  </Placemark>

  <Placemark>
    <name>Alicanti</name>
    <styleUrl>#cityStyle</styleUrl>
    <description>Date: 01-Aug-09 | Miles: None</description>
    <Point><coordinates>-0.4881708,38.3436365,0.0</coordinates></Point>
  </Placemark>

  <Placemark>
    <name>Alicanti</name>
    <styleUrl>#cityStyle</styleUrl>
    <description>Date: 01-Aug-09 | Miles: None</description>
    <Point><coordinates>-0.4881708,38.3436365,0.0</coordinates></Point>
  </Placemark>

  <Placemark>
    <name>Dusseldorf</name>
    <styleUrl>#cityStyle</styleUrl>
    <description>Date: 01-Aug-09 | Miles: None</description>
    <Point><coordinates>6.7943015,51.219734,0.0</coordinates></Point>
  </Placemark>

  <Placemark>
    <name>Dusseldorf</name>
    <styleUrl>#cityStyle</styleUrl>
    <description>Date: 01-Aug-09 | Miles: None</description>
    <Point><coordinates>6.7943015,51.219734,0.0</coordinates></Point>
  </Placemark>

  <Placemark>
    <name>Manchester</name>
    <styleUrl>#cityStyle</styleUrl>
    <description>Date: 03-Aug-09 | Miles: None</description>
    <Point><coordinates>-2.233085819,53.46602255,0.0</coordinates></Point>
  </Placemark>

  <Placemark>
    <name>Manchester</name>
    <styleUrl>#cityStyle</styleUrl>
    <description>Date: 03-Aug-09 | Miles: None</description>
    <Point><coordinates>-2.233085819,53.46602255,0.0</coordinates></Point>
  </Placemark>

  <Placemark>
    <name>Leeds</name>
    <styleUrl>#cityStyle</styleUrl>
    <description>Date: 03-Aug-09 | Miles: None</description>
    <Point><coordinates>-1.555110999,53.8057925,0.0</coordinates></Point>
  </Placemark>

  <Placemark>
    <name>Leeds</name>
    <styleUrl>#cityStyle</styleUrl>
    <description>Date: 03-Aug-09 | Miles: None</description>
    <Point><coordinates>-1.555110999,53.8057925,0.0</coordinates></Point>
  </Placemark>

  <Placemark>
    <name>Philadelphia</name>
    <styleUrl>#cityStyle</styleUrl>
    <description>Date: 07-Aug-09 | Miles: None</description>
    <Point><coordinates>-75.16298929,39.9527237,0.0</coordinates></Point>
  </Placemark>

  <Placemark>
    <name>Philadelphia</name>
    <styleUrl>#cityStyle</styleUrl>
    <description>Date: 07-Aug-09 | Miles: None</description>
    <Point><coordinates>-75.16298929,39.9527237,0.0</coordinates></Point>
  </Placemark>

  <Placemark>
    <name>Connecticut</name>
    <styleUrl>#cityStyle</styleUrl>
    <description>Date: 07-Aug-09 | Miles: None</description>
    <Point><coordinates>-72.92885493,41.30817315,0.0</coordinates></Point>
  </Placemark>

  <Placemark>
    <name>Connecticut</name>
    <styleUrl>#cityStyle</styleUrl>
    <description>Date: 07-Aug-09 | Miles: None</description>
    <Point><coordinates>-72.92885493,41.30817315,0.0</coordinates></Point>
  </Placemark>

  <Placemark>
    <name>Minneapolis,Â Minnesota</name>
    <styleUrl>#cityStyle</styleUrl>
    <description>Date: 07-Aug-09 | Miles: None</description>
    <Point><coordinates>-93.22092805,44.87801905,0.0</coordinates></Point>
  </Placemark>

  <Placemark>
    <name>Minneapolis,Â Minnesota</name>
    <styleUrl>#cityStyle</styleUrl>
    <description>Date: 07-Aug-09 | Miles: None</description>
    <Point><coordinates>-93.22092805,44.87801905,0.0</coordinates></Point>
  </Placemark>

  <Placemark>
    <name>Manchester</name>
    <styleUrl>#cityStyle</styleUrl>
    <description>Date: 07-Aug-09 | Miles: None</description>
    <Point><coordinates>-2.233085819,53.46602255,0.0</coordinates></Point>
  </Placemark>

  <Placemark>
    <name>Manchester</name>
    <styleUrl>#cityStyle</styleUrl>
    <description>Date: 07-Aug-09 | Miles: None</description>
    <Point><coordinates>-2.233085819,53.46602255,0.0</coordinates></Point>
  </Placemark>

  <Placemark>
    <name>New Hampshire</name>
    <styleUrl>#cityStyle</styleUrl>
    <description>Date: 08-Aug-09 | Miles: None</description>
    <Point><coordinates>-70.94620785,43.1350987,0.0</coordinates></Point>
  </Placemark>

  <Placemark>
    <name>New Hampshire</name>
    <styleUrl>#cityStyle</styleUrl>
    <description>Date: 08-Aug-09 | Miles: None</description>
    <Point><coordinates>-70.94620785,43.1350987,0.0</coordinates></Point>
  </Placemark>

  <Placemark>
    <name>Asbury Park, New Jersey</name>
    <styleUrl>#cityStyle</styleUrl>
    <description>Date: 09-Aug-09 | Miles: None</description>
    <Point><coordinates>-74.0120817,40.2203907,0.0</coordinates></Point>
  </Placemark>

  <Placemark>
    <name>Asbury Park, New Jersey</name>
    <styleUrl>#cityStyle</styleUrl>
    <description>Date: 09-Aug-09 | Miles: None</description>
    <Point><coordinates>-74.0120817,40.2203907,0.0</coordinates></Point>
  </Placemark>

  <Placemark>
    <name>NY NY</name>
    <styleUrl>#cityStyle</styleUrl>
    <description>Date: 10-Aug-09 | Miles: None</description>
    <Point><coordinates>-73.99501481,40.7292053,0.0</coordinates></Point>
  </Placemark>

  <Placemark>
    <name>NY NY</name>
    <styleUrl>#cityStyle</styleUrl>
    <description>Date: 10-Aug-09 | Miles: None</description>
    <Point><coordinates>-73.99501481,40.7292053,0.0</coordinates></Point>
  </Placemark>

  <Placemark>
    <name>Philidelphia, Pennsylvania</name>
    <styleUrl>#cityStyle</styleUrl>
    <description>Date: 12-Aug-09 | Miles: None</description>
    <Point><coordinates>-75.16298929,39.9527237,0.0</coordinates></Point>
  </Placemark>

  <Placemark>
    <name>Philidelphia, Pennsylvania</name>
    <styleUrl>#cityStyle</styleUrl>
    <description>Date: 12-Aug-09 | Miles: None</description>
    <Point><coordinates>-75.16298929,39.9527237,0.0</coordinates></Point>
  </Placemark>

  <Placemark>
    <name>Boston, Massachusetts</name>
    <styleUrl>#cityStyle</styleUrl>
    <description>Date: 12-Aug-09 | Miles: None</description>
    <Point><coordinates>-71.03871321,42.314068,0.0</coordinates></Point>
  </Placemark>

  <Placemark>
    <name>Boston, Massachusetts</name>
    <styleUrl>#cityStyle</styleUrl>
    <description>Date: 12-Aug-09 | Miles: None</description>
    <Point><coordinates>-71.03871321,42.314068,0.0</coordinates></Point>
  </Placemark>

  <Placemark>
    <name>Washington, Washington DC</name>
    <styleUrl>#cityStyle</styleUrl>
    <description>Date: 14-Aug-09 | Miles: None</description>
    <Point><coordinates>-77.0365427,38.8950368,0.0</coordinates></Point>
  </Placemark>

  <Placemark>
    <name>Washington, Washington DC</name>
    <styleUrl>#cityStyle</styleUrl>
    <description>Date: 14-Aug-09 | Miles: None</description>
    <Point><coordinates>-77.0365427,38.8950368,0.0</coordinates></Point>
  </Placemark>

  <Placemark>
    <name>Harrisburg, Pennsylvania</name>
    <styleUrl>#cityStyle</styleUrl>
    <description>Date: 15-Aug-09 | Miles: None</description>
    <Point><coordinates>-76.8776602,40.2621497,0.0</coordinates></Point>
  </Placemark>

  <Placemark>
    <name>Harrisburg, Pennsylvania</name>
    <styleUrl>#cityStyle</styleUrl>
    <description>Date: 15-Aug-09 | Miles: None</description>
    <Point><coordinates>-76.8776602,40.2621497,0.0</coordinates></Point>
  </Placemark>

  <Placemark>
    <name>Columbus, Ohio</name>
    <styleUrl>#cityStyle</styleUrl>
    <description>Date: 16-Aug-09 | Miles: None</description>
    <Point><coordinates>-83.0007065,39.9622601,0.0</coordinates></Point>
  </Placemark>

  <Placemark>
    <name>Columbus, Ohio</name>
    <styleUrl>#cityStyle</styleUrl>
    <description>Date: 16-Aug-09 | Miles: None</description>
    <Point><coordinates>-83.0007065,39.9622601,0.0</coordinates></Point>
  </Placemark>

  <Placemark>
    <name>Chicago, Illinois</name>
    <styleUrl>#cityStyle</styleUrl>
    <description>Date: 18-Aug-09 | Miles: None</description>
    <Point><coordinates>-87.6244212,41.8755616,0.0</coordinates></Point>
  </Placemark>

  <Placemark>
    <name>Chicago, Illinois</name>
    <styleUrl>#cityStyle</styleUrl>
    <description>Date: 18-Aug-09 | Miles: None</description>
    <Point><coordinates>-87.6244212,41.8755616,0.0</coordinates></Point>
  </Placemark>

  <Placemark>
    <name>Minneapolis,Â Minnesota</name>
    <styleUrl>#cityStyle</styleUrl>
    <description>Date: 19-Aug-09 | Miles: None</description>
    <Point><coordinates>-93.22092805,44.87801905,0.0</coordinates></Point>
  </Placemark>

  <Placemark>
    <name>Minneapolis,Â Minnesota</name>
    <styleUrl>#cityStyle</styleUrl>
    <description>Date: 19-Aug-09 | Miles: None</description>
    <Point><coordinates>-93.22092805,44.87801905,0.0</coordinates></Point>
  </Placemark>

  <Placemark>
    <name>Salt Lake City</name>
    <styleUrl>#cityStyle</styleUrl>
    <description>Date: 20-Aug-09 | Miles: None</description>
    <Point><coordinates>-111.9798985,40.7900661,0.0</coordinates></Point>
  </Placemark>

  <Placemark>
    <name>Salt Lake City</name>
    <styleUrl>#cityStyle</styleUrl>
    <description>Date: 20-Aug-09 | Miles: None</description>
    <Point><coordinates>-111.9798985,40.7900661,0.0</coordinates></Point>
  </Placemark>

  <Placemark>
    <name>Council Bluffs, Indiana</name>
    <styleUrl>#cityStyle</styleUrl>
    <description>Date: 20-Aug-09 | Miles: None</description>
    <Point><coordinates>-95.76072666,41.26109005,0.0</coordinates></Point>
  </Placemark>

  <Placemark>
    <name>Council Bluffs, Indiana</name>
    <styleUrl>#cityStyle</styleUrl>
    <description>Date: 20-Aug-09 | Miles: None</description>
    <Point><coordinates>-95.76072666,41.26109005,0.0</coordinates></Point>
  </Placemark>

  <Placemark>
    <name>Council Bluffs, Indiana</name>
    <styleUrl>#cityStyle</styleUrl>
    <description>Date: 20-Aug-09 | Miles: None</description>
    <Point><coordinates>-95.76072666,41.26109005,0.0</coordinates></Point>
  </Placemark>

  <Placemark>
    <name>Council Bluffs, Indiana</name>
    <styleUrl>#cityStyle</styleUrl>
    <description>Date: 20-Aug-09 | Miles: None</description>
    <Point><coordinates>-95.76072666,41.26109005,0.0</coordinates></Point>
  </Placemark>

  <Placemark>
    <name>Omaha Eppley</name>
    <styleUrl>#cityStyle</styleUrl>
    <description>Date: 20-Aug-09 | Miles: None</description>
    <Point><coordinates>-95.88987091,41.3011252,0.0</coordinates></Point>
  </Placemark>

  <Placemark>
    <name>Omaha Eppley</name>
    <styleUrl>#cityStyle</styleUrl>
    <description>Date: 20-Aug-09 | Miles: None</description>
    <Point><coordinates>-95.88987091,41.3011252,0.0</coordinates></Point>
  </Placemark>

  <Placemark>
    <name>Wallingford</name>
    <styleUrl>#cityStyle</styleUrl>
    <description>Date: 20-Aug-09 | Miles: None</description>
    <Point><coordinates>-72.8231552,41.4570418,0.0</coordinates></Point>
  </Placemark>

  <Placemark>
    <name>Wallingford</name>
    <styleUrl>#cityStyle</styleUrl>
    <description>Date: 20-Aug-09 | Miles: None</description>
    <Point><coordinates>-72.8231552,41.4570418,0.0</coordinates></Point>
  </Placemark>

  <Placemark>
    <name>Milwaukee</name>
    <styleUrl>#cityStyle</styleUrl>
    <description>Date: 20-Aug-09 | Miles: None</description>
    <Point><coordinates>-87.9090751,43.0386475,0.0</coordinates></Point>
  </Placemark>

  <Placemark>
    <name>Milwaukee</name>
    <styleUrl>#cityStyle</styleUrl>
    <description>Date: 20-Aug-09 | Miles: None</description>
    <Point><coordinates>-87.9090751,43.0386475,0.0</coordinates></Point>
  </Placemark>

  <Placemark>
    <name>Littleton, Colorado</name>
    <styleUrl>#cityStyle</styleUrl>
    <description>Date: 22-Aug-09 | Miles: None</description>
    <Point><coordinates>-105.016649,39.613321,0.0</coordinates></Point>
  </Placemark>

  <Placemark>
    <name>Littleton, Colorado</name>
    <styleUrl>#cityStyle</styleUrl>
    <description>Date: 22-Aug-09 | Miles: None</description>
    <Point><coordinates>-105.016649,39.613321,0.0</coordinates></Point>
  </Placemark>

  <Placemark>
    <name>Salt Lake City Utah</name>
    <styleUrl>#cityStyle</styleUrl>
    <description>Date: 23-Aug-09 | Miles: None</description>
    <Point><coordinates>-111.9798985,40.7900661,0.0</coordinates></Point>
  </Placemark>

  <Placemark>
    <name>Salt Lake City Utah</name>
    <styleUrl>#cityStyle</styleUrl>
    <description>Date: 23-Aug-09 | Miles: None</description>
    <Point><coordinates>-111.9798985,40.7900661,0.0</coordinates></Point>
  </Placemark>

  <Placemark>
    <name>Portland</name>
    <styleUrl>#cityStyle</styleUrl>
    <description>Date: 24-Aug-09 | Miles: None</description>
    <Point><coordinates>-122.674194,45.5202471,0.0</coordinates></Point>
  </Placemark>

  <Placemark>
    <name>Portland</name>
    <styleUrl>#cityStyle</styleUrl>
    <description>Date: 24-Aug-09 | Miles: None</description>
    <Point><coordinates>-122.674194,45.5202471,0.0</coordinates></Point>
  </Placemark>

  <Placemark>
    <name>Troutdale, Oregon</name>
    <styleUrl>#cityStyle</styleUrl>
    <description>Date: 25-Aug-09 | Miles: None</description>
    <Point><coordinates>-122.409701,45.5294674,0.0</coordinates></Point>
  </Placemark>

  <Placemark>
    <name>Troutdale, Oregon</name>
    <styleUrl>#cityStyle</styleUrl>
    <description>Date: 25-Aug-09 | Miles: None</description>
    <Point><coordinates>-122.409701,45.5294674,0.0</coordinates></Point>
  </Placemark>

  <Placemark>
    <name>San Fransisco</name>
    <styleUrl>#cityStyle</styleUrl>
    <description>Date: 26-Aug-09 | Miles: None</description>
    <Point><coordinates>-122.3558473,37.7884969,0.0</coordinates></Point>
  </Placemark>

  <Placemark>
    <name>San Fransisco</name>
    <styleUrl>#cityStyle</styleUrl>
    <description>Date: 26-Aug-09 | Miles: None</description>
    <Point><coordinates>-122.3558473,37.7884969,0.0</coordinates></Point>
  </Placemark>

  <Placemark>
    <name>Vancouver, British Columbia</name>
    <styleUrl>#cityStyle</styleUrl>
    <description>Date: 26-Aug-09 | Miles: None</description>
    <Point><coordinates>-123.113952,49.2608724,0.0</coordinates></Point>
  </Placemark>

  <Placemark>
    <name>Vancouver, British Columbia</name>
    <styleUrl>#cityStyle</styleUrl>
    <description>Date: 26-Aug-09 | Miles: None</description>
    <Point><coordinates>-123.113952,49.2608724,0.0</coordinates></Point>
  </Placemark>

  <Placemark>
    <name>Redmond, Washington</name>
    <styleUrl>#cityStyle</styleUrl>
    <description>Date: 27-Aug-09 | Miles: None</description>
    <Point><coordinates>-122.1238767,47.6694141,0.0</coordinates></Point>
  </Placemark>

  <Placemark>
    <name>Redmond, Washington</name>
    <styleUrl>#cityStyle</styleUrl>
    <description>Date: 27-Aug-09 | Miles: None</description>
    <Point><coordinates>-122.1238767,47.6694141,0.0</coordinates></Point>
  </Placemark>

  <Placemark>
    <name>Pala, California -</name>
    <styleUrl>#cityStyle</styleUrl>
    <description>Date: 01-Sep-09 | Miles: None</description>
    <Point><coordinates>-117.0716782,33.3632158,0.0</coordinates></Point>
  </Placemark>

  <Placemark>
    <name>Pala, California -</name>
    <styleUrl>#cityStyle</styleUrl>
    <description>Date: 01-Sep-09 | Miles: None</description>
    <Point><coordinates>-117.0716782,33.3632158,0.0</coordinates></Point>
  </Placemark>

  <Placemark>
    <name>Primm, Nevada -</name>
    <styleUrl>#cityStyle</styleUrl>
    <description>Date: 02-Sep-09 | Miles: None</description>
    <Point><coordinates>-115.3875749,35.60879275,0.0</coordinates></Point>
  </Placemark>

  <Placemark>
    <name>Primm, Nevada -</name>
    <styleUrl>#cityStyle</styleUrl>
    <description>Date: 02-Sep-09 | Miles: None</description>
    <Point><coordinates>-115.3875749,35.60879275,0.0</coordinates></Point>
  </Placemark>

  <Placemark>
    <name>Hollywood, California -</name>
    <styleUrl>#cityStyle</styleUrl>
    <description>Date: 03-Sep-09 | Miles: None</description>
    <Point><coordinates>-118.321652,34.1340991,0.0</coordinates></Point>
  </Placemark>

  <Placemark>
    <name>Hollywood, California -</name>
    <styleUrl>#cityStyle</styleUrl>
    <description>Date: 03-Sep-09 | Miles: None</description>
    <Point><coordinates>-118.321652,34.1340991,0.0</coordinates></Point>
  </Placemark>

  <Placemark>
    <name>Los Angeles</name>
    <styleUrl>#cityStyle</styleUrl>
    <description>Date: 04-Sep-09 | Miles: None</description>
    <Point><coordinates>-118.4468503,34.07087775,0.0</coordinates></Point>
  </Placemark>

  <Placemark>
    <name>Los Angeles</name>
    <styleUrl>#cityStyle</styleUrl>
    <description>Date: 04-Sep-09 | Miles: None</description>
    <Point><coordinates>-118.4468503,34.07087775,0.0</coordinates></Point>
  </Placemark>

  <Placemark>
    <name>Austin</name>
    <styleUrl>#cityStyle</styleUrl>
    <description>Date: 05-Sep-09 | Miles: None</description>
    <Point><coordinates>-97.73393515,30.2851494,0.0</coordinates></Point>
  </Placemark>

  <Placemark>
    <name>Austin</name>
    <styleUrl>#cityStyle</styleUrl>
    <description>Date: 05-Sep-09 | Miles: None</description>
    <Point><coordinates>-97.73393515,30.2851494,0.0</coordinates></Point>
  </Placemark>

  <Placemark>
    <name>Phoenix</name>
    <styleUrl>#cityStyle</styleUrl>
    <description>Date: 05-Sep-09 | Miles: None</description>
    <Point><coordinates>-112.074141,33.4484367,0.0</coordinates></Point>
  </Placemark>

  <Placemark>
    <name>Phoenix</name>
    <styleUrl>#cityStyle</styleUrl>
    <description>Date: 05-Sep-09 | Miles: None</description>
    <Point><coordinates>-112.074141,33.4484367,0.0</coordinates></Point>
  </Placemark>

  <Placemark>
    <name>Toronto Canada</name>
    <styleUrl>#cityStyle</styleUrl>
    <description>Date: 11-Sep-09 | Miles: None</description>
    <Point><coordinates>-79.39775966,43.663462,0.0</coordinates></Point>
  </Placemark>

  <Placemark>
    <name>Toronto Canada</name>
    <styleUrl>#cityStyle</styleUrl>
    <description>Date: 11-Sep-09 | Miles: None</description>
    <Point><coordinates>-79.39775966,43.663462,0.0</coordinates></Point>
  </Placemark>

  <Placemark>
    <name>Boston, Massachusetts</name>
    <styleUrl>#cityStyle</styleUrl>
    <description>Date: 17-Sep-09 | Miles: None</description>
    <Point><coordinates>-71.03871321,42.314068,0.0</coordinates></Point>
  </Placemark>

  <Placemark>
    <name>Boston, Massachusetts</name>
    <styleUrl>#cityStyle</styleUrl>
    <description>Date: 17-Sep-09 | Miles: None</description>
    <Point><coordinates>-71.03871321,42.314068,0.0</coordinates></Point>
  </Placemark>

  <Placemark>
    <name>Northhanpton Massachusettes</name>
    <styleUrl>#cityStyle</styleUrl>
    <description>Date: 18-Sep-09 | Miles: None</description>
    <Point><coordinates>-72.64014519,42.35445115,0.0</coordinates></Point>
  </Placemark>

  <Placemark>
    <name>Northhanpton Massachusettes</name>
    <styleUrl>#cityStyle</styleUrl>
    <description>Date: 18-Sep-09 | Miles: None</description>
    <Point><coordinates>-72.64014519,42.35445115,0.0</coordinates></Point>
  </Placemark>

  <Placemark>
    <name>NY NY</name>
    <styleUrl>#cityStyle</styleUrl>
    <description>Date: 19-Sep-09 | Miles: None</description>
    <Point><coordinates>-73.99501481,40.7292053,0.0</coordinates></Point>
  </Placemark>

  <Placemark>
    <name>NY NY</name>
    <styleUrl>#cityStyle</styleUrl>
    <description>Date: 19-Sep-09 | Miles: None</description>
    <Point><coordinates>-73.99501481,40.7292053,0.0</coordinates></Point>
  </Placemark>

  <Placemark>
    <name>Westchester Pennsylvania</name>
    <styleUrl>#cityStyle</styleUrl>
    <description>Date: 21-Sep-09 | Miles: None</description>
    <Point><coordinates>-75.19467131,39.95039445,0.0</coordinates></Point>
  </Placemark>

  <Placemark>
    <name>Westchester Pennsylvania</name>
    <styleUrl>#cityStyle</styleUrl>
    <description>Date: 21-Sep-09 | Miles: None</description>
    <Point><coordinates>-75.19467131,39.95039445,0.0</coordinates></Point>
  </Placemark>

  <Placemark>
    <name>Washington DC</name>
    <styleUrl>#cityStyle</styleUrl>
    <description>Date: 22-Sep-09 | Miles: None</description>
    <Point><coordinates>-77.0365427,38.8950368,0.0</coordinates></Point>
  </Placemark>

  <Placemark>
    <name>Washington DC</name>
    <styleUrl>#cityStyle</styleUrl>
    <description>Date: 22-Sep-09 | Miles: None</description>
    <Point><coordinates>-77.0365427,38.8950368,0.0</coordinates></Point>
  </Placemark>

  <Placemark>
    <name>Atlanta Georga</name>
    <styleUrl>#cityStyle</styleUrl>
    <description>Date: 24-Sep-09 | Miles: None</description>
    <Point><coordinates>-84.3898151,33.7544657,0.0</coordinates></Point>
  </Placemark>

  <Placemark>
    <name>Atlanta Georga</name>
    <styleUrl>#cityStyle</styleUrl>
    <description>Date: 24-Sep-09 | Miles: None</description>
    <Point><coordinates>-84.3898151,33.7544657,0.0</coordinates></Point>
  </Placemark>

  <Placemark>
    <name>Florida</name>
    <styleUrl>#cityStyle</styleUrl>
    <description>Date: 25-Sep-09 | Miles: None</description>
    <Point><coordinates>-80.19362,25.7741728,0.0</coordinates></Point>
  </Placemark>

  <Placemark>
    <name>Florida</name>
    <styleUrl>#cityStyle</styleUrl>
    <description>Date: 25-Sep-09 | Miles: None</description>
    <Point><coordinates>-80.19362,25.7741728,0.0</coordinates></Point>
  </Placemark>

  <Placemark>
    <name>Orlando Florida</name>
    <styleUrl>#cityStyle</styleUrl>
    <description>Date: 26-Sep-09 | Miles: None</description>
    <Point><coordinates>-81.3790304,28.5421109,0.0</coordinates></Point>
  </Placemark>

  <Placemark>
    <name>Orlando Florida</name>
    <styleUrl>#cityStyle</styleUrl>
    <description>Date: 26-Sep-09 | Miles: None</description>
    <Point><coordinates>-81.3790304,28.5421109,0.0</coordinates></Point>
  </Placemark>

  <Placemark>
    <name>Florida</name>
    <styleUrl>#cityStyle</styleUrl>
    <description>Date: 27-Sep-09 | Miles: None</description>
    <Point><coordinates>-80.19362,25.7741728,0.0</coordinates></Point>
  </Placemark>

  <Placemark>
    <name>Florida</name>
    <styleUrl>#cityStyle</styleUrl>
    <description>Date: 27-Sep-09 | Miles: None</description>
    <Point><coordinates>-80.19362,25.7741728,0.0</coordinates></Point>
  </Placemark>

  <Placemark>
    <name>Chicago, Illinois</name>
    <styleUrl>#cityStyle</styleUrl>
    <description>Date: 02-Oct-09 | Miles: None</description>
    <Point><coordinates>-87.6244212,41.8755616,0.0</coordinates></Point>
  </Placemark>

  <Placemark>
    <name>Chicago, Illinois</name>
    <styleUrl>#cityStyle</styleUrl>
    <description>Date: 02-Oct-09 | Miles: None</description>
    <Point><coordinates>-87.6244212,41.8755616,0.0</coordinates></Point>
  </Placemark>

  <Placemark>
    <name>Minnesota</name>
    <styleUrl>#cityStyle</styleUrl>
    <description>Date: 03-Oct-09 | Miles: None</description>
    <Point><coordinates>-94.6113288,45.9896587,0.0</coordinates></Point>
  </Placemark>

  <Placemark>
    <name>Minnesota</name>
    <styleUrl>#cityStyle</styleUrl>
    <description>Date: 03-Oct-09 | Miles: None</description>
    <Point><coordinates>-94.6113288,45.9896587,0.0</coordinates></Point>
  </Placemark>

  <Placemark>
    <name>Wisconsin</name>
    <styleUrl>#cityStyle</styleUrl>
    <description>Date: 04-Oct-09 | Miles: None</description>
    <Point><coordinates>-89.43095872,43.08027445,0.0</coordinates></Point>
  </Placemark>

  <Placemark>
    <name>Wisconsin</name>
    <styleUrl>#cityStyle</styleUrl>
    <description>Date: 04-Oct-09 | Miles: None</description>
    <Point><coordinates>-89.43095872,43.08027445,0.0</coordinates></Point>
  </Placemark>

  <Placemark>
    <name>Colorado</name>
    <styleUrl>#cityStyle</styleUrl>
    <description>Date: 06-Oct-09 | Miles: None</description>
    <Point><coordinates>-104.825348,38.8339578,0.0</coordinates></Point>
  </Placemark>

  <Placemark>
    <name>Colorado</name>
    <styleUrl>#cityStyle</styleUrl>
    <description>Date: 06-Oct-09 | Miles: None</description>
    <Point><coordinates>-104.825348,38.8339578,0.0</coordinates></Point>
  </Placemark>

  <Placemark>
    <name>Salt Lake City Utah</name>
    <styleUrl>#cityStyle</styleUrl>
    <description>Date: 07-Oct-09 | Miles: None</description>
    <Point><coordinates>-111.9798985,40.7900661,0.0</coordinates></Point>
  </Placemark>

  <Placemark>
    <name>Salt Lake City Utah</name>
    <styleUrl>#cityStyle</styleUrl>
    <description>Date: 07-Oct-09 | Miles: None</description>
    <Point><coordinates>-111.9798985,40.7900661,0.0</coordinates></Point>
  </Placemark>

  <Placemark>
    <name>Seattle Washington</name>
    <styleUrl>#cityStyle</styleUrl>
    <description>Date: 09-Oct-09 | Miles: None</description>
    <Point><coordinates>-122.3187983,47.60950425,0.0</coordinates></Point>
  </Placemark>

  <Placemark>
    <name>Seattle Washington</name>
    <styleUrl>#cityStyle</styleUrl>
    <description>Date: 09-Oct-09 | Miles: None</description>
    <Point><coordinates>-122.3187983,47.60950425,0.0</coordinates></Point>
  </Placemark>

  <Placemark>
    <name>Portland Oregan</name>
    <styleUrl>#cityStyle</styleUrl>
    <description>Date: 10-Oct-09 | Miles: None</description>
    <Point><coordinates>-122.7422707,45.4254201,0.0</coordinates></Point>
  </Placemark>

  <Placemark>
    <name>Portland Oregan</name>
    <styleUrl>#cityStyle</styleUrl>
    <description>Date: 10-Oct-09 | Miles: None</description>
    <Point><coordinates>-122.7422707,45.4254201,0.0</coordinates></Point>
  </Placemark>

  <Placemark>
    <name>Vancouver BC</name>
    <styleUrl>#cityStyle</styleUrl>
    <description>Date: 11-Oct-09 | Miles: None</description>
    <Point><coordinates>-123.113952,49.2608724,0.0</coordinates></Point>
  </Placemark>

  <Placemark>
    <name>Vancouver BC</name>
    <styleUrl>#cityStyle</styleUrl>
    <description>Date: 11-Oct-09 | Miles: None</description>
    <Point><coordinates>-123.113952,49.2608724,0.0</coordinates></Point>
  </Placemark>

  <Placemark>
    <name>Los Angeles</name>
    <styleUrl>#cityStyle</styleUrl>
    <description>Date: 17-Oct-09 | Miles: None</description>
    <Point><coordinates>-118.4468503,34.07087775,0.0</coordinates></Point>
  </Placemark>

  <Placemark>
    <name>Los Angeles</name>
    <styleUrl>#cityStyle</styleUrl>
    <description>Date: 17-Oct-09 | Miles: None</description>
    <Point><coordinates>-118.4468503,34.07087775,0.0</coordinates></Point>
  </Placemark>

  <Placemark>
    <name>Los Angeles</name>
    <styleUrl>#cityStyle</styleUrl>
    <description>Date: 18-Oct-09 | Miles: None</description>
    <Point><coordinates>-118.4468503,34.07087775,0.0</coordinates></Point>
  </Placemark>

  <Placemark>
    <name>Los Angeles</name>
    <styleUrl>#cityStyle</styleUrl>
    <description>Date: 18-Oct-09 | Miles: None</description>
    <Point><coordinates>-118.4468503,34.07087775,0.0</coordinates></Point>
  </Placemark>

  <Placemark>
    <name>Manchester</name>
    <styleUrl>#cityStyle</styleUrl>
    <description>Date: 18-Oct-09 | Miles: None</description>
    <Point><coordinates>-2.233085819,53.46602255,0.0</coordinates></Point>
  </Placemark>

  <Placemark>
    <name>Manchester</name>
    <styleUrl>#cityStyle</styleUrl>
    <description>Date: 18-Oct-09 | Miles: None</description>
    <Point><coordinates>-2.233085819,53.46602255,0.0</coordinates></Point>
  </Placemark>

  <Placemark>
    <name>Manchester</name>
    <styleUrl>#cityStyle</styleUrl>
    <description>Date: 19-Oct-09 | Miles: None</description>
    <Point><coordinates>-2.233085819,53.46602255,0.0</coordinates></Point>
  </Placemark>

  <Placemark>
    <name>Manchester</name>
    <styleUrl>#cityStyle</styleUrl>
    <description>Date: 19-Oct-09 | Miles: None</description>
    <Point><coordinates>-2.233085819,53.46602255,0.0</coordinates></Point>
  </Placemark>

  <Placemark>
    <name>Leeds</name>
    <styleUrl>#cityStyle</styleUrl>
    <description>Date: 20-Oct-09 | Miles: None</description>
    <Point><coordinates>-1.555110999,53.8057925,0.0</coordinates></Point>
  </Placemark>

  <Placemark>
    <name>Leeds</name>
    <styleUrl>#cityStyle</styleUrl>
    <description>Date: 20-Oct-09 | Miles: None</description>
    <Point><coordinates>-1.555110999,53.8057925,0.0</coordinates></Point>
  </Placemark>

  <Placemark>
    <name>Glasgow</name>
    <styleUrl>#cityStyle</styleUrl>
    <description>Date: 21-Oct-09 | Miles: None</description>
    <Point><coordinates>-4.2501687,55.861155,0.0</coordinates></Point>
  </Placemark>

  <Placemark>
    <name>Glasgow</name>
    <styleUrl>#cityStyle</styleUrl>
    <description>Date: 21-Oct-09 | Miles: None</description>
    <Point><coordinates>-4.2501687,55.861155,0.0</coordinates></Point>
  </Placemark>

  <Placemark>
    <name>Manchester</name>
    <styleUrl>#cityStyle</styleUrl>
    <description>Date: 22-Oct-09 | Miles: None</description>
    <Point><coordinates>-2.233085819,53.46602255,0.0</coordinates></Point>
  </Placemark>

  <Placemark>
    <name>Manchester</name>
    <styleUrl>#cityStyle</styleUrl>
    <description>Date: 22-Oct-09 | Miles: None</description>
    <Point><coordinates>-2.233085819,53.46602255,0.0</coordinates></Point>
  </Placemark>

  <Placemark>
    <name>London</name>
    <styleUrl>#cityStyle</styleUrl>
    <description>Date: 23-Oct-09 | Miles: None</description>
    <Point><coordinates>-0.0919983,51.5156177,0.0</coordinates></Point>
  </Placemark>

  <Placemark>
    <name>London</name>
    <styleUrl>#cityStyle</styleUrl>
    <description>Date: 23-Oct-09 | Miles: None</description>
    <Point><coordinates>-0.0919983,51.5156177,0.0</coordinates></Point>
  </Placemark>

  <Placemark>
    <name>Bristol</name>
    <styleUrl>#cityStyle</styleUrl>
    <description>Date: 24-Oct-09 | Miles: None</description>
    <Point><coordinates>-2.5972985,51.4538022,0.0</coordinates></Point>
  </Placemark>

  <Placemark>
    <name>Bristol</name>
    <styleUrl>#cityStyle</styleUrl>
    <description>Date: 24-Oct-09 | Miles: None</description>
    <Point><coordinates>-2.5972985,51.4538022,0.0</coordinates></Point>
  </Placemark>

  <Placemark>
    <name>Portsmouth</name>
    <styleUrl>#cityStyle</styleUrl>
    <description>Date: 25-Oct-09 | Miles: None</description>
    <Point><coordinates>-1.096896755,50.79144385,0.0</coordinates></Point>
  </Placemark>

  <Placemark>
    <name>Portsmouth</name>
    <styleUrl>#cityStyle</styleUrl>
    <description>Date: 25-Oct-09 | Miles: None</description>
    <Point><coordinates>-1.096896755,50.79144385,0.0</coordinates></Point>
  </Placemark>

  <Placemark>
    <name>Helsinki</name>
    <styleUrl>#cityStyle</styleUrl>
    <description>Date: 29-Oct-09 | Miles: None</description>
    <Point><coordinates>24.94736111,60.32181555,0.0</coordinates></Point>
  </Placemark>

  <Placemark>
    <name>Helsinki</name>
    <styleUrl>#cityStyle</styleUrl>
    <description>Date: 29-Oct-09 | Miles: None</description>
    <Point><coordinates>24.94736111,60.32181555,0.0</coordinates></Point>
  </Placemark>

  <Placemark>
    <name>Finland</name>
    <styleUrl>#cityStyle</styleUrl>
    <description>Date: 29-Oct-09 | Miles: None</description>
    <Point><coordinates>22.2232842,60.4347352,0.0</coordinates></Point>
  </Placemark>

  <Placemark>
    <name>Finland</name>
    <styleUrl>#cityStyle</styleUrl>
    <description>Date: 29-Oct-09 | Miles: None</description>
    <Point><coordinates>22.2232842,60.4347352,0.0</coordinates></Point>
  </Placemark>

  <Placemark>
    <name>Stockholm, Sweden</name>
    <styleUrl>#cityStyle</styleUrl>
    <description>Date: 31-Oct-09 | Miles: None</description>
    <Point><coordinates>18.0710935,59.3251172,0.0</coordinates></Point>
  </Placemark>

  <Placemark>
    <name>Stockholm, Sweden</name>
    <styleUrl>#cityStyle</styleUrl>
    <description>Date: 31-Oct-09 | Miles: None</description>
    <Point><coordinates>18.0710935,59.3251172,0.0</coordinates></Point>
  </Placemark>

  <Placemark>
    <name>Copenhagen</name>
    <styleUrl>#cityStyle</styleUrl>
    <description>Date: 01-Nov-09 | Miles: None</description>
    <Point><coordinates>12.5700724,55.6867243,0.0</coordinates></Point>
  </Placemark>

  <Placemark>
    <name>Copenhagen</name>
    <styleUrl>#cityStyle</styleUrl>
    <description>Date: 01-Nov-09 | Miles: None</description>
    <Point><coordinates>12.5700724,55.6867243,0.0</coordinates></Point>
  </Placemark>

  <Placemark>
    <name>Hamburg</name>
    <styleUrl>#cityStyle</styleUrl>
    <description>Date: 02-Nov-09 | Miles: None</description>
    <Point><coordinates>9.999823642,53.54335295,0.0</coordinates></Point>
  </Placemark>

  <Placemark>
    <name>Hamburg</name>
    <styleUrl>#cityStyle</styleUrl>
    <description>Date: 02-Nov-09 | Miles: None</description>
    <Point><coordinates>9.999823642,53.54335295,0.0</coordinates></Point>
  </Placemark>

  <Placemark>
    <name>Stockholm</name>
    <styleUrl>#cityStyle</styleUrl>
    <description>Date: 02-Nov-09 | Miles: None</description>
    <Point><coordinates>18.0710935,59.3251172,0.0</coordinates></Point>
  </Placemark>

  <Placemark>
    <name>Stockholm</name>
    <styleUrl>#cityStyle</styleUrl>
    <description>Date: 02-Nov-09 | Miles: None</description>
    <Point><coordinates>18.0710935,59.3251172,0.0</coordinates></Point>
  </Placemark>

  <Placemark>
    <name>Hamburg</name>
    <styleUrl>#cityStyle</styleUrl>
    <description>Date: 03-Nov-09 | Miles: None</description>
    <Point><coordinates>9.999823642,53.54335295,0.0</coordinates></Point>
  </Placemark>

  <Placemark>
    <name>Hamburg</name>
    <styleUrl>#cityStyle</styleUrl>
    <description>Date: 03-Nov-09 | Miles: None</description>
    <Point><coordinates>9.999823642,53.54335295,0.0</coordinates></Point>
  </Placemark>

  <Placemark>
    <name>Milano</name>
    <styleUrl>#cityStyle</styleUrl>
    <description>Date: 04-Nov-09 | Miles: None</description>
    <Point><coordinates>9.1896346,45.4641943,0.0</coordinates></Point>
  </Placemark>

  <Placemark>
    <name>Milano</name>
    <styleUrl>#cityStyle</styleUrl>
    <description>Date: 04-Nov-09 | Miles: None</description>
    <Point><coordinates>9.1896346,45.4641943,0.0</coordinates></Point>
  </Placemark>

  <Placemark>
    <name>Berlin</name>
    <styleUrl>#cityStyle</styleUrl>
    <description>Date: 04-Nov-09 | Miles: None</description>
    <Point><coordinates>13.3989367,52.510885,0.0</coordinates></Point>
  </Placemark>

  <Placemark>
    <name>Berlin</name>
    <styleUrl>#cityStyle</styleUrl>
    <description>Date: 04-Nov-09 | Miles: None</description>
    <Point><coordinates>13.3989367,52.510885,0.0</coordinates></Point>
  </Placemark>

  <Placemark>
    <name>Paris</name>
    <styleUrl>#cityStyle</styleUrl>
    <description>Date: 05-Nov-09 | Miles: None</description>
    <Point><coordinates>2.336525398,48.8365091,0.0</coordinates></Point>
  </Placemark>

  <Placemark>
    <name>Paris</name>
    <styleUrl>#cityStyle</styleUrl>
    <description>Date: 05-Nov-09 | Miles: None</description>
    <Point><coordinates>2.336525398,48.8365091,0.0</coordinates></Point>
  </Placemark>

  <Placemark>
    <name>Vienna</name>
    <styleUrl>#cityStyle</styleUrl>
    <description>Date: 08-Nov-09 | Miles: None</description>
    <Point><coordinates>16.3725042,48.2083537,0.0</coordinates></Point>
  </Placemark>

  <Placemark>
    <name>Vienna</name>
    <styleUrl>#cityStyle</styleUrl>
    <description>Date: 08-Nov-09 | Miles: None</description>
    <Point><coordinates>16.3725042,48.2083537,0.0</coordinates></Point>
  </Placemark>

  <Placemark>
    <name>Munich</name>
    <styleUrl>#cityStyle</styleUrl>
    <description>Date: 09-Nov-09 | Miles: None</description>
    <Point><coordinates>11.5753822,48.1371079,0.0</coordinates></Point>
  </Placemark>

  <Placemark>
    <name>Munich</name>
    <styleUrl>#cityStyle</styleUrl>
    <description>Date: 09-Nov-09 | Miles: None</description>
    <Point><coordinates>11.5753822,48.1371079,0.0</coordinates></Point>
  </Placemark>

  <Placemark>
    <name>Wiesbaden</name>
    <styleUrl>#cityStyle</styleUrl>
    <description>Date: 11-Nov-09 | Miles: None</description>
    <Point><coordinates>8.2439848,50.0698313,0.0</coordinates></Point>
  </Placemark>

  <Placemark>
    <name>Wiesbaden</name>
    <styleUrl>#cityStyle</styleUrl>
    <description>Date: 11-Nov-09 | Miles: None</description>
    <Point><coordinates>8.2439848,50.0698313,0.0</coordinates></Point>
  </Placemark>

  <Placemark>
    <name>Koln</name>
    <styleUrl>#cityStyle</styleUrl>
    <description>Date: 12-Nov-09 | Miles: None</description>
    <Point><coordinates>6.959974,50.938361,0.0</coordinates></Point>
  </Placemark>

  <Placemark>
    <name>Koln</name>
    <styleUrl>#cityStyle</styleUrl>
    <description>Date: 12-Nov-09 | Miles: None</description>
    <Point><coordinates>6.959974,50.938361,0.0</coordinates></Point>
  </Placemark>

  <Placemark>
    <name>lausanne</name>
    <styleUrl>#cityStyle</styleUrl>
    <description>Date: 14-Nov-09 | Miles: None</description>
    <Point><coordinates>6.58094986,46.5225695,0.0</coordinates></Point>
  </Placemark>

  <Placemark>
    <name>lausanne</name>
    <styleUrl>#cityStyle</styleUrl>
    <description>Date: 14-Nov-09 | Miles: None</description>
    <Point><coordinates>6.58094986,46.5225695,0.0</coordinates></Point>
  </Placemark>

  <Placemark>
    <name>Zurich</name>
    <styleUrl>#cityStyle</styleUrl>
    <description>Date: 15-Nov-09 | Miles: None</description>
    <Point><coordinates>8.656394,47.4133024,0.0</coordinates></Point>
  </Placemark>

  <Placemark>
    <name>Zurich</name>
    <styleUrl>#cityStyle</styleUrl>
    <description>Date: 15-Nov-09 | Miles: None</description>
    <Point><coordinates>8.656394,47.4133024,0.0</coordinates></Point>
  </Placemark>

  <Placemark>
    <name>Amsterdan, Zuid-Holland</name>
    <styleUrl>#cityStyle</styleUrl>
    <description>Date: 18-Nov-09 | Miles: None</description>
    <Point><coordinates>4.877929688,52.36889171,0.0</coordinates></Point>
  </Placemark>

  <Placemark>
    <name>Amsterdan, Zuid-Holland</name>
    <styleUrl>#cityStyle</styleUrl>
    <description>Date: 18-Nov-09 | Miles: None</description>
    <Point><coordinates>4.877929688,52.36889171,0.0</coordinates></Point>
  </Placemark>

  <Placemark>
    <name>Bochum</name>
    <styleUrl>#cityStyle</styleUrl>
    <description>Date: 19-Nov-09 | Miles: None</description>
    <Point><coordinates>7.2196635,51.4818111,0.0</coordinates></Point>
  </Placemark>

  <Placemark>
    <name>Bochum</name>
    <styleUrl>#cityStyle</styleUrl>
    <description>Date: 19-Nov-09 | Miles: None</description>
    <Point><coordinates>7.2196635,51.4818111,0.0</coordinates></Point>
  </Placemark>

  <Placemark>
    <name>Linz, - Austria</name>
    <styleUrl>#cityStyle</styleUrl>
    <description>Date: 20-Nov-09 | Miles: None</description>
    <Point><coordinates>14.286198,48.3059078,0.0</coordinates></Point>
  </Placemark>

  <Placemark>
    <name>Linz, - Austria</name>
    <styleUrl>#cityStyle</styleUrl>
    <description>Date: 20-Nov-09 | Miles: None</description>
    <Point><coordinates>14.286198,48.3059078,0.0</coordinates></Point>
  </Placemark>

  <Placemark>
    <name>Milan</name>
    <styleUrl>#cityStyle</styleUrl>
    <description>Date: 21-Nov-09 | Miles: None</description>
    <Point><coordinates>9.1658915,45.5183611,0.0</coordinates></Point>
  </Placemark>

  <Placemark>
    <name>Milan</name>
    <styleUrl>#cityStyle</styleUrl>
    <description>Date: 21-Nov-09 | Miles: None</description>
    <Point><coordinates>9.1658915,45.5183611,0.0</coordinates></Point>
  </Placemark>

  <Placemark>
    <name>Paris</name>
    <styleUrl>#cityStyle</styleUrl>
    <description>Date: 23-Nov-09 | Miles: None</description>
    <Point><coordinates>2.336525398,48.8365091,0.0</coordinates></Point>
  </Placemark>

  <Placemark>
    <name>Paris</name>
    <styleUrl>#cityStyle</styleUrl>
    <description>Date: 23-Nov-09 | Miles: None</description>
    <Point><coordinates>2.336525398,48.8365091,0.0</coordinates></Point>
  </Placemark>

  <Placemark>
    <name>Madrid</name>
    <styleUrl>#cityStyle</styleUrl>
    <description>Date: 24-Nov-09 | Miles: None</description>
    <Point><coordinates>-3.7035825,40.4167047,0.0</coordinates></Point>
  </Placemark>

  <Placemark>
    <name>Madrid</name>
    <styleUrl>#cityStyle</styleUrl>
    <description>Date: 24-Nov-09 | Miles: None</description>
    <Point><coordinates>-3.7035825,40.4167047,0.0</coordinates></Point>
  </Placemark>

  <Placemark>
    <name>Madrid</name>
    <styleUrl>#cityStyle</styleUrl>
    <description>Date: 25-Nov-09 | Miles: None</description>
    <Point><coordinates>-3.7035825,40.4167047,0.0</coordinates></Point>
  </Placemark>

  <Placemark>
    <name>Madrid</name>
    <styleUrl>#cityStyle</styleUrl>
    <description>Date: 25-Nov-09 | Miles: None</description>
    <Point><coordinates>-3.7035825,40.4167047,0.0</coordinates></Point>
  </Placemark>

  <Placemark>
    <name>Barcelona</name>
    <styleUrl>#cityStyle</styleUrl>
    <description>Date: 26-Nov-09 | Miles: None</description>
    <Point><coordinates>2.177073,41.3825802,0.0</coordinates></Point>
  </Placemark>

  <Placemark>
    <name>Barcelona</name>
    <styleUrl>#cityStyle</styleUrl>
    <description>Date: 26-Nov-09 | Miles: None</description>
    <Point><coordinates>2.177073,41.3825802,0.0</coordinates></Point>
  </Placemark>

  <Placemark>
    <name>Bilbao</name>
    <styleUrl>#cityStyle</styleUrl>
    <description>Date: 26-Nov-09 | Miles: None</description>
    <Point><coordinates>-2.9350039,43.2630018,0.0</coordinates></Point>
  </Placemark>

  <Placemark>
    <name>Bilbao</name>
    <styleUrl>#cityStyle</styleUrl>
    <description>Date: 26-Nov-09 | Miles: None</description>
    <Point><coordinates>-2.9350039,43.2630018,0.0</coordinates></Point>
  </Placemark>

  <Placemark>
    <name>Oiartzun</name>
    <styleUrl>#cityStyle</styleUrl>
    <description>Date: 26-Nov-09 | Miles: None</description>
    <Point><coordinates>43.3027326,43.3027326,0.0</coordinates></Point>
  </Placemark>

  <Placemark>
    <name>Oiartzun</name>
    <styleUrl>#cityStyle</styleUrl>
    <description>Date: 26-Nov-09 | Miles: None</description>
    <Point><coordinates>43.3027326,43.3027326,0.0</coordinates></Point>
  </Placemark>

  <Placemark>
    <name>Barcelona</name>
    <styleUrl>#cityStyle</styleUrl>
    <description>Date: 27-Nov-09 | Miles: None</description>
    <Point><coordinates>2.177073,41.3825802,0.0</coordinates></Point>
  </Placemark>

  <Placemark>
    <name>Barcelona</name>
    <styleUrl>#cityStyle</styleUrl>
    <description>Date: 27-Nov-09 | Miles: None</description>
    <Point><coordinates>2.177073,41.3825802,0.0</coordinates></Point>
  </Placemark>

  <Placemark>
    <name>London</name>
    <styleUrl>#cityStyle</styleUrl>
    <description>Date: 28-Nov-09 | Miles: None</description>
    <Point><coordinates>-0.0919983,51.5156177,0.0</coordinates></Point>
  </Placemark>

  <Placemark>
    <name>London</name>
    <styleUrl>#cityStyle</styleUrl>
    <description>Date: 28-Nov-09 | Miles: None</description>
    <Point><coordinates>-0.0919983,51.5156177,0.0</coordinates></Point>
  </Placemark>

  <Placemark>
    <name>Leeds</name>
    <styleUrl>#cityStyle</styleUrl>
    <description>Date: 29-Nov-09 | Miles: None</description>
    <Point><coordinates>-1.555110999,53.8057925,0.0</coordinates></Point>
  </Placemark>

  <Placemark>
    <name>Leeds</name>
    <styleUrl>#cityStyle</styleUrl>
    <description>Date: 29-Nov-09 | Miles: None</description>
    <Point><coordinates>-1.555110999,53.8057925,0.0</coordinates></Point>
  </Placemark>

  <Placemark>
    <name>PORTSMOUTH HARBOUR</name>
    <styleUrl>#cityStyle</styleUrl>
    <description>Date: 30-Nov-09 | Miles: None</description>
    <Point><coordinates>-1.096896755,50.79144385,0.0</coordinates></Point>
  </Placemark>

  <Placemark>
    <name>PORTSMOUTH HARBOUR</name>
    <styleUrl>#cityStyle</styleUrl>
    <description>Date: 30-Nov-09 | Miles: None</description>
    <Point><coordinates>-1.096896755,50.79144385,0.0</coordinates></Point>
  </Placemark>

  <Placemark>
    <name>London</name>
    <styleUrl>#cityStyle</styleUrl>
    <description>Date: 30-Nov-09 | Miles: None</description>
    <Point><coordinates>-0.0919983,51.5156177,0.0</coordinates></Point>
  </Placemark>

  <Placemark>
    <name>London</name>
    <styleUrl>#cityStyle</styleUrl>
    <description>Date: 30-Nov-09 | Miles: None</description>
    <Point><coordinates>-0.0919983,51.5156177,0.0</coordinates></Point>
  </Placemark>

  <Placemark>
    <name>Portsmouth</name>
    <styleUrl>#cityStyle</styleUrl>
    <description>Date: 01-Dec-09 | Miles: None</description>
    <Point><coordinates>-1.096896755,50.79144385,0.0</coordinates></Point>
  </Placemark>

  <Placemark>
    <name>Portsmouth</name>
    <styleUrl>#cityStyle</styleUrl>
    <description>Date: 01-Dec-09 | Miles: None</description>
    <Point><coordinates>-1.096896755,50.79144385,0.0</coordinates></Point>
  </Placemark>

  <Placemark>
    <name>LONDON VICTORIA</name>
    <styleUrl>#cityStyle</styleUrl>
    <description>Date: 02-Dec-09 | Miles: None</description>
    <Point><coordinates>-0.0919983,51.5156177,0.0</coordinates></Point>
  </Placemark>

  <Placemark>
    <name>LONDON VICTORIA</name>
    <styleUrl>#cityStyle</styleUrl>
    <description>Date: 02-Dec-09 | Miles: None</description>
    <Point><coordinates>-0.0919983,51.5156177,0.0</coordinates></Point>
  </Placemark>

  <Placemark>
    <name>Macadonia</name>
    <styleUrl>#cityStyle</styleUrl>
    <description>Date: 03-Dec-09 | Miles: None</description>
    <Point><coordinates>21.4319213,41.9961816,0.0</coordinates></Point>
  </Placemark>

  <Placemark>
    <name>Macadonia</name>
    <styleUrl>#cityStyle</styleUrl>
    <description>Date: 03-Dec-09 | Miles: None</description>
    <Point><coordinates>21.4319213,41.9961816,0.0</coordinates></Point>
  </Placemark>

  <Placemark>
    <name>Sofia</name>
    <styleUrl>#cityStyle</styleUrl>
    <description>Date: 03-Dec-09 | Miles: None</description>
    <Point><coordinates>23.3217359,42.6977028,0.0</coordinates></Point>
  </Placemark>

  <Placemark>
    <name>Sofia</name>
    <styleUrl>#cityStyle</styleUrl>
    <description>Date: 03-Dec-09 | Miles: None</description>
    <Point><coordinates>23.3217359,42.6977028,0.0</coordinates></Point>
  </Placemark>

  <Placemark>
    <name>London</name>
    <styleUrl>#cityStyle</styleUrl>
    <description>Date: 03-Dec-09 | Miles: None</description>
    <Point><coordinates>-0.0919983,51.5156177,0.0</coordinates></Point>
  </Placemark>

  <Placemark>
    <name>London</name>
    <styleUrl>#cityStyle</styleUrl>
    <description>Date: 03-Dec-09 | Miles: None</description>
    <Point><coordinates>-0.0919983,51.5156177,0.0</coordinates></Point>
  </Placemark>

  <Placemark>
    <name>Macadonia  Skopje Skopje</name>
    <styleUrl>#cityStyle</styleUrl>
    <description>Date: 05-Dec-09 | Miles: None</description>
    <Point><coordinates>21.4319213,41.9961816,0.0</coordinates></Point>
  </Placemark>

  <Placemark>
    <name>Macadonia  Skopje Skopje</name>
    <styleUrl>#cityStyle</styleUrl>
    <description>Date: 05-Dec-09 | Miles: None</description>
    <Point><coordinates>21.4319213,41.9961816,0.0</coordinates></Point>
  </Placemark>

  <Placemark>
    <name>Leeds</name>
    <styleUrl>#cityStyle</styleUrl>
    <description>Date: 05-Dec-09 | Miles: None</description>
    <Point><coordinates>-1.555110999,53.8057925,0.0</coordinates></Point>
  </Placemark>

  <Placemark>
    <name>Leeds</name>
    <styleUrl>#cityStyle</styleUrl>
    <description>Date: 05-Dec-09 | Miles: None</description>
    <Point><coordinates>-1.555110999,53.8057925,0.0</coordinates></Point>
  </Placemark>

  <Placemark>
    <name>Turino Italy</name>
    <styleUrl>#cityStyle</styleUrl>
    <description>Date: 31-Dec-09 | Miles: None</description>
    <Point><coordinates>16.3946914,40.534742,0.0</coordinates></Point>
  </Placemark>

  <Placemark>
    <name>Turino Italy</name>
    <styleUrl>#cityStyle</styleUrl>
    <description>Date: 31-Dec-09 | Miles: None</description>
    <Point><coordinates>16.3946914,40.534742,0.0</coordinates></Point>
  </Placemark>

  <Placemark>
    <name>Turino Italy</name>
    <styleUrl>#cityStyle</styleUrl>
    <description>Date: 31-Dec-09 | Miles: None</description>
    <Point><coordinates>16.3946914,40.534742,0.0</coordinates></Point>
  </Placemark>

  <Placemark>
    <name>Turino Italy</name>
    <styleUrl>#cityStyle</styleUrl>
    <description>Date: 31-Dec-09 | Miles: None</description>
    <Point><coordinates>16.3946914,40.534742,0.0</coordinates></Point>
  </Placemark>

  <Placemark>
    <name>London</name>
    <styleUrl>#cityStyle</styleUrl>
    <description>Date: 01-Jan-10 | Miles: None</description>
    <Point><coordinates>-0.0919983,51.5156177,0.0</coordinates></Point>
  </Placemark>

  <Placemark>
    <name>London</name>
    <styleUrl>#cityStyle</styleUrl>
    <description>Date: 01-Jan-10 | Miles: None</description>
    <Point><coordinates>-0.0919983,51.5156177,0.0</coordinates></Point>
  </Placemark>

  <Placemark>
    <name>Paris</name>
    <styleUrl>#cityStyle</styleUrl>
    <description>Date: 04-Jan-10 | Miles: None</description>
    <Point><coordinates>2.336525398,48.8365091,0.0</coordinates></Point>
  </Placemark>

  <Placemark>
    <name>Paris</name>
    <styleUrl>#cityStyle</styleUrl>
    <description>Date: 04-Jan-10 | Miles: None</description>
    <Point><coordinates>2.336525398,48.8365091,0.0</coordinates></Point>
  </Placemark>

  <Placemark>
    <name>Leeds</name>
    <styleUrl>#cityStyle</styleUrl>
    <description>Date: 04-Jan-10 | Miles: None</description>
    <Point><coordinates>-1.555110999,53.8057925,0.0</coordinates></Point>
  </Placemark>

  <Placemark>
    <name>Leeds</name>
    <styleUrl>#cityStyle</styleUrl>
    <description>Date: 04-Jan-10 | Miles: None</description>
    <Point><coordinates>-1.555110999,53.8057925,0.0</coordinates></Point>
  </Placemark>

  <Placemark>
    <name>la, California</name>
    <styleUrl>#cityStyle</styleUrl>
    <description>Date: 05-Apr-10 | Miles: None</description>
    <Point><coordinates>-118.1671415,34.0664949,0.0</coordinates></Point>
  </Placemark>

  <Placemark>
    <name>la, California</name>
    <styleUrl>#cityStyle</styleUrl>
    <description>Date: 05-Apr-10 | Miles: None</description>
    <Point><coordinates>-118.1671415,34.0664949,0.0</coordinates></Point>
  </Placemark>

  <Placemark>
    <name>Manchester</name>
    <styleUrl>#cityStyle</styleUrl>
    <description>Date: 22-Apr-10 | Miles: None</description>
    <Point><coordinates>-2.233085819,53.46602255,0.0</coordinates></Point>
  </Placemark>

  <Placemark>
    <name>Manchester</name>
    <styleUrl>#cityStyle</styleUrl>
    <description>Date: 22-Apr-10 | Miles: None</description>
    <Point><coordinates>-2.233085819,53.46602255,0.0</coordinates></Point>
  </Placemark>

  <Placemark>
    <name>Los Angeles</name>
    <styleUrl>#cityStyle</styleUrl>
    <description>Date: 24-Apr-10 | Miles: None</description>
    <Point><coordinates>-118.4468503,34.07087775,0.0</coordinates></Point>
  </Placemark>

  <Placemark>
    <name>Los Angeles</name>
    <styleUrl>#cityStyle</styleUrl>
    <description>Date: 24-Apr-10 | Miles: None</description>
    <Point><coordinates>-118.4468503,34.07087775,0.0</coordinates></Point>
  </Placemark>

  <Placemark>
    <name>Leeds</name>
    <styleUrl>#cityStyle</styleUrl>
    <description>Date: 26-Apr-10 | Miles: None</description>
    <Point><coordinates>-1.555110999,53.8057925,0.0</coordinates></Point>
  </Placemark>

  <Placemark>
    <name>Leeds</name>
    <styleUrl>#cityStyle</styleUrl>
    <description>Date: 26-Apr-10 | Miles: None</description>
    <Point><coordinates>-1.555110999,53.8057925,0.0</coordinates></Point>
  </Placemark>

  <Placemark>
    <name>la, California</name>
    <styleUrl>#cityStyle</styleUrl>
    <description>Date: 27-Apr-10 | Miles: None</description>
    <Point><coordinates>-118.1671415,34.0664949,0.0</coordinates></Point>
  </Placemark>

  <Placemark>
    <name>la, California</name>
    <styleUrl>#cityStyle</styleUrl>
    <description>Date: 27-Apr-10 | Miles: None</description>
    <Point><coordinates>-118.1671415,34.0664949,0.0</coordinates></Point>
  </Placemark>

  <Placemark>
    <name>Amsterdam</name>
    <styleUrl>#cityStyle</styleUrl>
    <description>Date: 07-May-10 | Miles: None</description>
    <Point><coordinates>4.877929688,52.36889171,0.0</coordinates></Point>
  </Placemark>

  <Placemark>
    <name>Amsterdam</name>
    <styleUrl>#cityStyle</styleUrl>
    <description>Date: 07-May-10 | Miles: None</description>
    <Point><coordinates>4.877929688,52.36889171,0.0</coordinates></Point>
  </Placemark>

  <Placemark>
    <name>Paris</name>
    <styleUrl>#cityStyle</styleUrl>
    <description>Date: 08-May-10 | Miles: None</description>
    <Point><coordinates>2.336525398,48.8365091,0.0</coordinates></Point>
  </Placemark>

  <Placemark>
    <name>Paris</name>
    <styleUrl>#cityStyle</styleUrl>
    <description>Date: 08-May-10 | Miles: None</description>
    <Point><coordinates>2.336525398,48.8365091,0.0</coordinates></Point>
  </Placemark>

  <Placemark>
    <name>Longirod</name>
    <styleUrl>#cityStyle</styleUrl>
    <description>Date: 15-May-10 | Miles: None</description>
    <Point><coordinates>6.2581282,46.4943826,0.0</coordinates></Point>
  </Placemark>

  <Placemark>
    <name>Longirod</name>
    <styleUrl>#cityStyle</styleUrl>
    <description>Date: 15-May-10 | Miles: None</description>
    <Point><coordinates>6.2581282,46.4943826,0.0</coordinates></Point>
  </Placemark>

  <Placemark>
    <name>Paris</name>
    <styleUrl>#cityStyle</styleUrl>
    <description>Date: 19-May-10 | Miles: None</description>
    <Point><coordinates>2.336525398,48.8365091,0.0</coordinates></Point>
  </Placemark>

  <Placemark>
    <name>Paris</name>
    <styleUrl>#cityStyle</styleUrl>
    <description>Date: 19-May-10 | Miles: None</description>
    <Point><coordinates>2.336525398,48.8365091,0.0</coordinates></Point>
  </Placemark>

  <Placemark>
    <name>Paris</name>
    <styleUrl>#cityStyle</styleUrl>
    <description>Date: 20-May-10 | Miles: None</description>
    <Point><coordinates>2.336525398,48.8365091,0.0</coordinates></Point>
  </Placemark>

  <Placemark>
    <name>Paris</name>
    <styleUrl>#cityStyle</styleUrl>
    <description>Date: 20-May-10 | Miles: None</description>
    <Point><coordinates>2.336525398,48.8365091,0.0</coordinates></Point>
  </Placemark>

  <Placemark>
    <name>Paris</name>
    <styleUrl>#cityStyle</styleUrl>
    <description>Date: 21-May-10 | Miles: None</description>
    <Point><coordinates>2.336525398,48.8365091,0.0</coordinates></Point>
  </Placemark>

  <Placemark>
    <name>Paris</name>
    <styleUrl>#cityStyle</styleUrl>
    <description>Date: 21-May-10 | Miles: None</description>
    <Point><coordinates>2.336525398,48.8365091,0.0</coordinates></Point>
  </Placemark>

  <Placemark>
    <name>Paris</name>
    <styleUrl>#cityStyle</styleUrl>
    <description>Date: 22-May-10 | Miles: None</description>
    <Point><coordinates>2.336525398,48.8365091,0.0</coordinates></Point>
  </Placemark>

  <Placemark>
    <name>Paris</name>
    <styleUrl>#cityStyle</styleUrl>
    <description>Date: 22-May-10 | Miles: None</description>
    <Point><coordinates>2.336525398,48.8365091,0.0</coordinates></Point>
  </Placemark>

  <Placemark>
    <name>Leeds</name>
    <styleUrl>#cityStyle</styleUrl>
    <description>Date: 22-May-10 | Miles: None</description>
    <Point><coordinates>-1.555110999,53.8057925,0.0</coordinates></Point>
  </Placemark>

  <Placemark>
    <name>Leeds</name>
    <styleUrl>#cityStyle</styleUrl>
    <description>Date: 22-May-10 | Miles: None</description>
    <Point><coordinates>-1.555110999,53.8057925,0.0</coordinates></Point>
  </Placemark>

  <Placemark>
    <name>Hungary</name>
    <styleUrl>#cityStyle</styleUrl>
    <description>Date: 04-Jun-10 | Miles: None</description>
    <Point><coordinates>19.5060937,47.1817585,0.0</coordinates></Point>
  </Placemark>

  <Placemark>
    <name>Hungary</name>
    <styleUrl>#cityStyle</styleUrl>
    <description>Date: 04-Jun-10 | Miles: None</description>
    <Point><coordinates>19.5060937,47.1817585,0.0</coordinates></Point>
  </Placemark>

  <Placemark>
    <name>Novi Sad</name>
    <styleUrl>#cityStyle</styleUrl>
    <description>Date: 05-Jun-10 | Miles: None</description>
    <Point><coordinates>19.8451756,45.2551338,0.0</coordinates></Point>
  </Placemark>

  <Placemark>
    <name>Novi Sad</name>
    <styleUrl>#cityStyle</styleUrl>
    <description>Date: 05-Jun-10 | Miles: None</description>
    <Point><coordinates>19.8451756,45.2551338,0.0</coordinates></Point>
  </Placemark>

  <Placemark>
    <name>Graz</name>
    <styleUrl>#cityStyle</styleUrl>
    <description>Date: 07-Jun-10 | Miles: None</description>
    <Point><coordinates>15.41718857,47.07221215,0.0</coordinates></Point>
  </Placemark>

  <Placemark>
    <name>Graz</name>
    <styleUrl>#cityStyle</styleUrl>
    <description>Date: 07-Jun-10 | Miles: None</description>
    <Point><coordinates>15.41718857,47.07221215,0.0</coordinates></Point>
  </Placemark>

  <Placemark>
    <name>Salzburg</name>
    <styleUrl>#cityStyle</styleUrl>
    <description>Date: 08-Jun-10 | Miles: None</description>
    <Point><coordinates>13.0464806,47.7981346,0.0</coordinates></Point>
  </Placemark>

  <Placemark>
    <name>Salzburg</name>
    <styleUrl>#cityStyle</styleUrl>
    <description>Date: 08-Jun-10 | Miles: None</description>
    <Point><coordinates>13.0464806,47.7981346,0.0</coordinates></Point>
  </Placemark>

  <Placemark>
    <name>Luxembourg City</name>
    <styleUrl>#cityStyle</styleUrl>
    <description>Date: 09-Jun-10 | Miles: None</description>
    <Point><coordinates>6.135218987,49.6097838,0.0</coordinates></Point>
  </Placemark>

  <Placemark>
    <name>Luxembourg City</name>
    <styleUrl>#cityStyle</styleUrl>
    <description>Date: 09-Jun-10 | Miles: None</description>
    <Point><coordinates>6.135218987,49.6097838,0.0</coordinates></Point>
  </Placemark>

  <Placemark>
    <name>Isle of Wight</name>
    <styleUrl>#cityStyle</styleUrl>
    <description>Date: 11-Jun-10 | Miles: None</description>
    <Point><coordinates>-1.33280428,50.67108245,0.0</coordinates></Point>
  </Placemark>

  <Placemark>
    <name>Isle of Wight</name>
    <styleUrl>#cityStyle</styleUrl>
    <description>Date: 11-Jun-10 | Miles: None</description>
    <Point><coordinates>-1.33280428,50.67108245,0.0</coordinates></Point>
  </Placemark>

  <Placemark>
    <name>Ijmuiden</name>
    <styleUrl>#cityStyle</styleUrl>
    <description>Date: 12-Jun-10 | Miles: None</description>
    <Point><coordinates>4.6111981,52.4574236,0.0</coordinates></Point>
  </Placemark>

  <Placemark>
    <name>Ijmuiden</name>
    <styleUrl>#cityStyle</styleUrl>
    <description>Date: 12-Jun-10 | Miles: None</description>
    <Point><coordinates>4.6111981,52.4574236,0.0</coordinates></Point>
  </Placemark>

  <Placemark>
    <name>Interlaken</name>
    <styleUrl>#cityStyle</styleUrl>
    <description>Date: 13-Jun-10 | Miles: None</description>
    <Point><coordinates>7.8585139,46.6855231,0.0</coordinates></Point>
  </Placemark>

  <Placemark>
    <name>Interlaken</name>
    <styleUrl>#cityStyle</styleUrl>
    <description>Date: 13-Jun-10 | Miles: None</description>
    <Point><coordinates>7.8585139,46.6855231,0.0</coordinates></Point>
  </Placemark>

  <Placemark>
    <name>Amsterdam</name>
    <styleUrl>#cityStyle</styleUrl>
    <description>Date: 26-Jun-10 | Miles: None</description>
    <Point><coordinates>4.877929688,52.36889171,0.0</coordinates></Point>
  </Placemark>

  <Placemark>
    <name>Amsterdam</name>
    <styleUrl>#cityStyle</styleUrl>
    <description>Date: 26-Jun-10 | Miles: None</description>
    <Point><coordinates>4.877929688,52.36889171,0.0</coordinates></Point>
  </Placemark>

  <Placemark>
    <name>Bonn</name>
    <styleUrl>#cityStyle</styleUrl>
    <description>Date: 03-Jul-10 | Miles: None</description>
    <Point><coordinates>7.1024635,50.7352621,0.0</coordinates></Point>
  </Placemark>

  <Placemark>
    <name>Bonn</name>
    <styleUrl>#cityStyle</styleUrl>
    <description>Date: 03-Jul-10 | Miles: None</description>
    <Point><coordinates>7.1024635,50.7352621,0.0</coordinates></Point>
  </Placemark>

  <Placemark>
    <name>Czech Republic</name>
    <styleUrl>#cityStyle</styleUrl>
    <description>Date: 05-Jul-10 | Miles: None</description>
    <Point><coordinates>14.44645927,50.0596288,0.0</coordinates></Point>
  </Placemark>

  <Placemark>
    <name>Czech Republic</name>
    <styleUrl>#cityStyle</styleUrl>
    <description>Date: 05-Jul-10 | Miles: None</description>
    <Point><coordinates>14.44645927,50.0596288,0.0</coordinates></Point>
  </Placemark>

  <Placemark>
    <name>Bratislava</name>
    <styleUrl>#cityStyle</styleUrl>
    <description>Date: 10-Jul-10 | Miles: None</description>
    <Point><coordinates>17.1093063,48.1516988,0.0</coordinates></Point>
  </Placemark>

  <Placemark>
    <name>Bratislava</name>
    <styleUrl>#cityStyle</styleUrl>
    <description>Date: 10-Jul-10 | Miles: None</description>
    <Point><coordinates>17.1093063,48.1516988,0.0</coordinates></Point>
  </Placemark>

  <Placemark>
    <name>Kopenhagen</name>
    <styleUrl>#cityStyle</styleUrl>
    <description>Date: 12-Jul-10 | Miles: None</description>
    <Point><coordinates>12.03975228,54.1334408,0.0</coordinates></Point>
  </Placemark>

  <Placemark>
    <name>Kopenhagen</name>
    <styleUrl>#cityStyle</styleUrl>
    <description>Date: 12-Jul-10 | Miles: None</description>
    <Point><coordinates>12.03975228,54.1334408,0.0</coordinates></Point>
  </Placemark>

  <Placemark>
    <name>Malmo</name>
    <styleUrl>#cityStyle</styleUrl>
    <description>Date: 13-Jul-10 | Miles: None</description>
    <Point><coordinates>13.0001566,55.6052931,0.0</coordinates></Point>
  </Placemark>

  <Placemark>
    <name>Malmo</name>
    <styleUrl>#cityStyle</styleUrl>
    <description>Date: 13-Jul-10 | Miles: None</description>
    <Point><coordinates>13.0001566,55.6052931,0.0</coordinates></Point>
  </Placemark>

  <Placemark>
    <name>Gothenburg</name>
    <styleUrl>#cityStyle</styleUrl>
    <description>Date: 14-Jul-10 | Miles: None</description>
    <Point><coordinates>11.9670171,57.7072326,0.0</coordinates></Point>
  </Placemark>

  <Placemark>
    <name>Gothenburg</name>
    <styleUrl>#cityStyle</styleUrl>
    <description>Date: 14-Jul-10 | Miles: None</description>
    <Point><coordinates>11.9670171,57.7072326,0.0</coordinates></Point>
  </Placemark>

  <Placemark>
    <name>Slottsfeld</name>
    <styleUrl>#cityStyle</styleUrl>
    <description>Date: 14-Jul-10 | Miles: None</description>
    <Point><coordinates>10.28320313,59.48972604,0.0</coordinates></Point>
  </Placemark>

  <Placemark>
    <name>Slottsfeld</name>
    <styleUrl>#cityStyle</styleUrl>
    <description>Date: 14-Jul-10 | Miles: None</description>
    <Point><coordinates>10.28320313,59.48972604,0.0</coordinates></Point>
  </Placemark>

  <Placemark>
    <name>Arvika Sweden</name>
    <styleUrl>#cityStyle</styleUrl>
    <description>Date: 15-Jul-10 | Miles: None</description>
    <Point><coordinates>12.5913413,59.6535089,0.0</coordinates></Point>
  </Placemark>

  <Placemark>
    <name>Arvika Sweden</name>
    <styleUrl>#cityStyle</styleUrl>
    <description>Date: 15-Jul-10 | Miles: None</description>
    <Point><coordinates>12.5913413,59.6535089,0.0</coordinates></Point>
  </Placemark>

  <Placemark>
    <name>Tonsberg Norway</name>
    <styleUrl>#cityStyle</styleUrl>
    <description>Date: 16-Jul-10 | Miles: None</description>
    <Point><coordinates>10.4080715,59.2677363,0.0</coordinates></Point>
  </Placemark>

  <Placemark>
    <name>Tonsberg Norway</name>
    <styleUrl>#cityStyle</styleUrl>
    <description>Date: 16-Jul-10 | Miles: None</description>
    <Point><coordinates>10.4080715,59.2677363,0.0</coordinates></Point>
  </Placemark>

  <Placemark>
    <name>Tonsberg Norway</name>
    <styleUrl>#cityStyle</styleUrl>
    <description>Date: 16-Jul-10 | Miles: None</description>
    <Point><coordinates>10.4080715,59.2677363,0.0</coordinates></Point>
  </Placemark>

  <Placemark>
    <name>Tonsberg Norway</name>
    <styleUrl>#cityStyle</styleUrl>
    <description>Date: 16-Jul-10 | Miles: None</description>
    <Point><coordinates>10.4080715,59.2677363,0.0</coordinates></Point>
  </Placemark>

  <Placemark>
    <name>Tromso</name>
    <styleUrl>#cityStyle</styleUrl>
    <description>Date: 17-Jul-10 | Miles: None</description>
    <Point><coordinates>18.91541752,69.68187245,0.0</coordinates></Point>
  </Placemark>

  <Placemark>
    <name>Tromso Norway</name>
    <styleUrl>#cityStyle</styleUrl>
    <description>Date: 17-Jul-10 | Miles: None</description>
    <Point><coordinates>18.91541752,69.68187245,0.0</coordinates></Point>
  </Placemark>

  <Placemark>
    <name>Tromso</name>
    <styleUrl>#cityStyle</styleUrl>
    <description>Date: 17-Jul-10 | Miles: None</description>
    <Point><coordinates>18.91541752,69.68187245,0.0</coordinates></Point>
  </Placemark>

  <Placemark>
    <name>Tromso Norway</name>
    <styleUrl>#cityStyle</styleUrl>
    <description>Date: 17-Jul-10 | Miles: None</description>
    <Point><coordinates>18.91541752,69.68187245,0.0</coordinates></Point>
  </Placemark>

  <Placemark>
    <name>Los Angeles</name>
    <styleUrl>#cityStyle</styleUrl>
    <description>Date: 25-Jul-10 | Miles: None</description>
    <Point><coordinates>-118.4468503,34.07087775,0.0</coordinates></Point>
  </Placemark>

  <Placemark>
    <name>Los Angeles</name>
    <styleUrl>#cityStyle</styleUrl>
    <description>Date: 25-Jul-10 | Miles: None</description>
    <Point><coordinates>-118.4468503,34.07087775,0.0</coordinates></Point>
  </Placemark>

  <Placemark>
    <name>Los Angeles</name>
    <styleUrl>#cityStyle</styleUrl>
    <description>Date: 27-Jul-10 | Miles: None</description>
    <Point><coordinates>-118.4468503,34.07087775,0.0</coordinates></Point>
  </Placemark>

  <Placemark>
    <name>Los Angeles</name>
    <styleUrl>#cityStyle</styleUrl>
    <description>Date: 27-Jul-10 | Miles: None</description>
    <Point><coordinates>-118.4468503,34.07087775,0.0</coordinates></Point>
  </Placemark>

  <Placemark>
    <name>Seattle</name>
    <styleUrl>#cityStyle</styleUrl>
    <description>Date: 27-Jul-10 | Miles: None</description>
    <Point><coordinates>-122.3187983,47.60950425,0.0</coordinates></Point>
  </Placemark>

  <Placemark>
    <name>Seattle</name>
    <styleUrl>#cityStyle</styleUrl>
    <description>Date: 27-Jul-10 | Miles: None</description>
    <Point><coordinates>-122.3187983,47.60950425,0.0</coordinates></Point>
  </Placemark>

  <Placemark>
    <name>Calgary</name>
    <styleUrl>#cityStyle</styleUrl>
    <description>Date: 27-Jul-10 | Miles: None</description>
    <Point><coordinates>-114.057541,51.0456064,0.0</coordinates></Point>
  </Placemark>

  <Placemark>
    <name>Calgary</name>
    <styleUrl>#cityStyle</styleUrl>
    <description>Date: 27-Jul-10 | Miles: None</description>
    <Point><coordinates>-114.057541,51.0456064,0.0</coordinates></Point>
  </Placemark>

  <Placemark>
    <name>Calgary Canada</name>
    <styleUrl>#cityStyle</styleUrl>
    <description>Date: 28-Jul-10 | Miles: None</description>
    <Point><coordinates>-114.057541,51.0456064,0.0</coordinates></Point>
  </Placemark>

  <Placemark>
    <name>Calgary Canada</name>
    <styleUrl>#cityStyle</styleUrl>
    <description>Date: 28-Jul-10 | Miles: None</description>
    <Point><coordinates>-114.057541,51.0456064,0.0</coordinates></Point>
  </Placemark>

  <Placemark>
    <name>Toronto</name>
    <styleUrl>#cityStyle</styleUrl>
    <description>Date: 29-Jul-10 | Miles: None</description>
    <Point><coordinates>-79.39775966,43.663462,0.0</coordinates></Point>
  </Placemark>

  <Placemark>
    <name>Toronto</name>
    <styleUrl>#cityStyle</styleUrl>
    <description>Date: 29-Jul-10 | Miles: None</description>
    <Point><coordinates>-79.39775966,43.663462,0.0</coordinates></Point>
  </Placemark>

  <Placemark>
    <name>Calgary Canada</name>
    <styleUrl>#cityStyle</styleUrl>
    <description>Date: 29-Jul-10 | Miles: None</description>
    <Point><coordinates>-114.057541,51.0456064,0.0</coordinates></Point>
  </Placemark>

  <Placemark>
    <name>Calgary Canada</name>
    <styleUrl>#cityStyle</styleUrl>
    <description>Date: 29-Jul-10 | Miles: None</description>
    <Point><coordinates>-114.057541,51.0456064,0.0</coordinates></Point>
  </Placemark>

  <Placemark>
    <name>Manchester</name>
    <styleUrl>#cityStyle</styleUrl>
    <description>Date: 30-Jul-10 | Miles: None</description>
    <Point><coordinates>-2.233085819,53.46602255,0.0</coordinates></Point>
  </Placemark>

  <Placemark>
    <name>Manchester</name>
    <styleUrl>#cityStyle</styleUrl>
    <description>Date: 30-Jul-10 | Miles: None</description>
    <Point><coordinates>-2.233085819,53.46602255,0.0</coordinates></Point>
  </Placemark>

  <Placemark>
    <name>Edmonton</name>
    <styleUrl>#cityStyle</styleUrl>
    <description>Date: 30-Jul-10 | Miles: None</description>
    <Point><coordinates>-113.491241,53.5462055,0.0</coordinates></Point>
  </Placemark>

  <Placemark>
    <name>Edmonton</name>
    <styleUrl>#cityStyle</styleUrl>
    <description>Date: 30-Jul-10 | Miles: None</description>
    <Point><coordinates>-113.491241,53.5462055,0.0</coordinates></Point>
  </Placemark>

  <Placemark>
    <name>Leeds</name>
    <styleUrl>#cityStyle</styleUrl>
    <description>Date: 30-Jul-10 | Miles: None</description>
    <Point><coordinates>-1.555110999,53.8057925,0.0</coordinates></Point>
  </Placemark>

  <Placemark>
    <name>Leeds</name>
    <styleUrl>#cityStyle</styleUrl>
    <description>Date: 30-Jul-10 | Miles: None</description>
    <Point><coordinates>-1.555110999,53.8057925,0.0</coordinates></Point>
  </Placemark>

  <Placemark>
    <name>Philidelphia</name>
    <styleUrl>#cityStyle</styleUrl>
    <description>Date: 31-Jul-10 | Miles: None</description>
    <Point><coordinates>-75.16298929,39.9527237,0.0</coordinates></Point>
  </Placemark>

  <Placemark>
    <name>Philidelphia</name>
    <styleUrl>#cityStyle</styleUrl>
    <description>Date: 31-Jul-10 | Miles: None</description>
    <Point><coordinates>-75.16298929,39.9527237,0.0</coordinates></Point>
  </Placemark>

  <Placemark>
    <name>Regina</name>
    <styleUrl>#cityStyle</styleUrl>
    <description>Date: 31-Jul-10 | Miles: None</description>
    <Point><coordinates>-104.6158764,50.4479733,0.0</coordinates></Point>
  </Placemark>

  <Placemark>
    <name>Regina</name>
    <styleUrl>#cityStyle</styleUrl>
    <description>Date: 31-Jul-10 | Miles: None</description>
    <Point><coordinates>-104.6158764,50.4479733,0.0</coordinates></Point>
  </Placemark>

  <Placemark>
    <name>Calgary Canada</name>
    <styleUrl>#cityStyle</styleUrl>
    <description>Date: 31-Jul-10 | Miles: None</description>
    <Point><coordinates>-114.057541,51.0456064,0.0</coordinates></Point>
  </Placemark>

  <Placemark>
    <name>Calgary Canada</name>
    <styleUrl>#cityStyle</styleUrl>
    <description>Date: 31-Jul-10 | Miles: None</description>
    <Point><coordinates>-114.057541,51.0456064,0.0</coordinates></Point>
  </Placemark>

  <Placemark>
    <name>Toronto</name>
    <styleUrl>#cityStyle</styleUrl>
    <description>Date: 01-Aug-10 | Miles: None</description>
    <Point><coordinates>-79.39775966,43.663462,0.0</coordinates></Point>
  </Placemark>

  <Placemark>
    <name>Toronto</name>
    <styleUrl>#cityStyle</styleUrl>
    <description>Date: 01-Aug-10 | Miles: None</description>
    <Point><coordinates>-79.39775966,43.663462,0.0</coordinates></Point>
  </Placemark>

  <Placemark>
    <name>Winnipeg</name>
    <styleUrl>#cityStyle</styleUrl>
    <description>Date: 01-Aug-10 | Miles: None</description>
    <Point><coordinates>-97.1384584,49.8955367,0.0</coordinates></Point>
  </Placemark>

  <Placemark>
    <name>Winnipeg</name>
    <styleUrl>#cityStyle</styleUrl>
    <description>Date: 01-Aug-10 | Miles: None</description>
    <Point><coordinates>-97.1384584,49.8955367,0.0</coordinates></Point>
  </Placemark>

  <Placemark>
    <name>Manchester</name>
    <styleUrl>#cityStyle</styleUrl>
    <description>Date: 02-Aug-10 | Miles: None</description>
    <Point><coordinates>-2.233085819,53.46602255,0.0</coordinates></Point>
  </Placemark>

  <Placemark>
    <name>Manchester</name>
    <styleUrl>#cityStyle</styleUrl>
    <description>Date: 02-Aug-10 | Miles: None</description>
    <Point><coordinates>-2.233085819,53.46602255,0.0</coordinates></Point>
  </Placemark>

  <Placemark>
    <name>Atlanta</name>
    <styleUrl>#cityStyle</styleUrl>
    <description>Date: 03-Aug-10 | Miles: None</description>
    <Point><coordinates>-84.3898151,33.7544657,0.0</coordinates></Point>
  </Placemark>

  <Placemark>
    <name>Atlanta</name>
    <styleUrl>#cityStyle</styleUrl>
    <description>Date: 03-Aug-10 | Miles: None</description>
    <Point><coordinates>-84.3898151,33.7544657,0.0</coordinates></Point>
  </Placemark>

  <Placemark>
    <name>St Pauls</name>
    <styleUrl>#cityStyle</styleUrl>
    <description>Date: 03-Aug-10 | Miles: None</description>
    <Point><coordinates>-93.22092805,44.87801905,0.0</coordinates></Point>
  </Placemark>

  <Placemark>
    <name>St Pauls</name>
    <styleUrl>#cityStyle</styleUrl>
    <description>Date: 03-Aug-10 | Miles: None</description>
    <Point><coordinates>-93.22092805,44.87801905,0.0</coordinates></Point>
  </Placemark>

  <Placemark>
    <name>St Pauls</name>
    <styleUrl>#cityStyle</styleUrl>
    <description>Date: 03-Aug-10 | Miles: None</description>
    <Point><coordinates>-93.22092805,44.87801905,0.0</coordinates></Point>
  </Placemark>

  <Placemark>
    <name>St Pauls</name>
    <styleUrl>#cityStyle</styleUrl>
    <description>Date: 03-Aug-10 | Miles: None</description>
    <Point><coordinates>-93.22092805,44.87801905,0.0</coordinates></Point>
  </Placemark>

  <Placemark>
    <name>Chicago, Illinois</name>
    <styleUrl>#cityStyle</styleUrl>
    <description>Date: 04-Aug-10 | Miles: None</description>
    <Point><coordinates>-87.6244212,41.8755616,0.0</coordinates></Point>
  </Placemark>

  <Placemark>
    <name>Chicago, Illinois</name>
    <styleUrl>#cityStyle</styleUrl>
    <description>Date: 04-Aug-10 | Miles: None</description>
    <Point><coordinates>-87.6244212,41.8755616,0.0</coordinates></Point>
  </Placemark>

  <Placemark>
    <name>Detroit</name>
    <styleUrl>#cityStyle</styleUrl>
    <description>Date: 05-Aug-10 | Miles: None</description>
    <Point><coordinates>-83.0466403,42.3315509,0.0</coordinates></Point>
  </Placemark>

  <Placemark>
    <name>Detroit</name>
    <styleUrl>#cityStyle</styleUrl>
    <description>Date: 05-Aug-10 | Miles: None</description>
    <Point><coordinates>-83.0466403,42.3315509,0.0</coordinates></Point>
  </Placemark>

  <Placemark>
    <name>Toronto, Ontario</name>
    <styleUrl>#cityStyle</styleUrl>
    <description>Date: 07-Aug-10 | Miles: None</description>
    <Point><coordinates>-79.39775966,43.663462,0.0</coordinates></Point>
  </Placemark>

  <Placemark>
    <name>Toronto, Ontario</name>
    <styleUrl>#cityStyle</styleUrl>
    <description>Date: 07-Aug-10 | Miles: None</description>
    <Point><coordinates>-79.39775966,43.663462,0.0</coordinates></Point>
  </Placemark>

  <Placemark>
    <name>London Ont</name>
    <styleUrl>#cityStyle</styleUrl>
    <description>Date: 08-Aug-10 | Miles: None</description>
    <Point><coordinates>-81.243372,42.9832406,0.0</coordinates></Point>
  </Placemark>

  <Placemark>
    <name>London Ont</name>
    <styleUrl>#cityStyle</styleUrl>
    <description>Date: 08-Aug-10 | Miles: None</description>
    <Point><coordinates>-81.243372,42.9832406,0.0</coordinates></Point>
  </Placemark>

  <Placemark>
    <name>Waterloo</name>
    <styleUrl>#cityStyle</styleUrl>
    <description>Date: 09-Aug-10 | Miles: None</description>
    <Point><coordinates>-80.5222961,43.4652699,0.0</coordinates></Point>
  </Placemark>

  <Placemark>
    <name>Waterloo</name>
    <styleUrl>#cityStyle</styleUrl>
    <description>Date: 09-Aug-10 | Miles: None</description>
    <Point><coordinates>-80.5222961,43.4652699,0.0</coordinates></Point>
  </Placemark>

  <Placemark>
    <name>Toronto, Ontario</name>
    <styleUrl>#cityStyle</styleUrl>
    <description>Date: 09-Aug-10 | Miles: None</description>
    <Point><coordinates>-79.39775966,43.663462,0.0</coordinates></Point>
  </Placemark>

  <Placemark>
    <name>Toronto, Ontario</name>
    <styleUrl>#cityStyle</styleUrl>
    <description>Date: 09-Aug-10 | Miles: None</description>
    <Point><coordinates>-79.39775966,43.663462,0.0</coordinates></Point>
  </Placemark>

  <Placemark>
    <name>Hamilton</name>
    <styleUrl>#cityStyle</styleUrl>
    <description>Date: 10-Aug-10 | Miles: None</description>
    <Point><coordinates>-79.86920679,43.25311865,0.0</coordinates></Point>
  </Placemark>

  <Placemark>
    <name>Hamilton</name>
    <styleUrl>#cityStyle</styleUrl>
    <description>Date: 10-Aug-10 | Miles: None</description>
    <Point><coordinates>-79.86920679,43.25311865,0.0</coordinates></Point>
  </Placemark>

  <Placemark>
    <name>Ottawa</name>
    <styleUrl>#cityStyle</styleUrl>
    <description>Date: 12-Aug-10 | Miles: None</description>
    <Point><coordinates>-75.6901106,45.4208777,0.0</coordinates></Point>
  </Placemark>

  <Placemark>
    <name>Ottawa</name>
    <styleUrl>#cityStyle</styleUrl>
    <description>Date: 12-Aug-10 | Miles: None</description>
    <Point><coordinates>-75.6901106,45.4208777,0.0</coordinates></Point>
  </Placemark>

  <Placemark>
    <name>Quebec</name>
    <styleUrl>#cityStyle</styleUrl>
    <description>Date: 13-Aug-10 | Miles: None</description>
    <Point><coordinates>-71.8258668,52.4760892,0.0</coordinates></Point>
  </Placemark>

  <Placemark>
    <name>Quebec</name>
    <styleUrl>#cityStyle</styleUrl>
    <description>Date: 13-Aug-10 | Miles: None</description>
    <Point><coordinates>-71.8258668,52.4760892,0.0</coordinates></Point>
  </Placemark>

  <Placemark>
    <name>Montreal</name>
    <styleUrl>#cityStyle</styleUrl>
    <description>Date: 14-Aug-10 | Miles: None</description>
    <Point><coordinates>-73.5698065,45.5031824,0.0</coordinates></Point>
  </Placemark>

  <Placemark>
    <name>Montreal</name>
    <styleUrl>#cityStyle</styleUrl>
    <description>Date: 14-Aug-10 | Miles: None</description>
    <Point><coordinates>-73.5698065,45.5031824,0.0</coordinates></Point>
  </Placemark>

  <Placemark>
    <name>Montreal</name>
    <styleUrl>#cityStyle</styleUrl>
    <description>Date: 14-Aug-10 | Miles: None</description>
    <Point><coordinates>-73.5698065,45.5031824,0.0</coordinates></Point>
  </Placemark>

  <Placemark>
    <name>Montreal</name>
    <styleUrl>#cityStyle</styleUrl>
    <description>Date: 14-Aug-10 | Miles: None</description>
    <Point><coordinates>-73.5698065,45.5031824,0.0</coordinates></Point>
  </Placemark>

  <Placemark>
    <name>Portland Maine</name>
    <styleUrl>#cityStyle</styleUrl>
    <description>Date: 19-Aug-10 | Miles: None</description>
    <Point><coordinates>-70.2586618,43.6573605,0.0</coordinates></Point>
  </Placemark>

  <Placemark>
    <name>Portland Maine</name>
    <styleUrl>#cityStyle</styleUrl>
    <description>Date: 19-Aug-10 | Miles: None</description>
    <Point><coordinates>-70.2586618,43.6573605,0.0</coordinates></Point>
  </Placemark>

  <Placemark>
    <name>NY</name>
    <styleUrl>#cityStyle</styleUrl>
    <description>Date: 20-Aug-10 | Miles: None</description>
    <Point><coordinates>-73.99501481,40.7292053,0.0</coordinates></Point>
  </Placemark>

  <Placemark>
    <name>NY</name>
    <styleUrl>#cityStyle</styleUrl>
    <description>Date: 20-Aug-10 | Miles: None</description>
    <Point><coordinates>-73.99501481,40.7292053,0.0</coordinates></Point>
  </Placemark>

  <Placemark>
    <name>Fairfield Ct</name>
    <styleUrl>#cityStyle</styleUrl>
    <description>Date: 20-Aug-10 | Miles: None</description>
    <Point><coordinates>-73.2637258,41.1412078,0.0</coordinates></Point>
  </Placemark>

  <Placemark>
    <name>Fairfield Ct</name>
    <styleUrl>#cityStyle</styleUrl>
    <description>Date: 20-Aug-10 | Miles: None</description>
    <Point><coordinates>-73.2637258,41.1412078,0.0</coordinates></Point>
  </Placemark>

  <Placemark>
    <name>NY NY Brooklyn</name>
    <styleUrl>#cityStyle</styleUrl>
    <description>Date: 21-Aug-10 | Miles: None</description>
    <Point><coordinates>-73.99501481,40.7292053,0.0</coordinates></Point>
  </Placemark>

  <Placemark>
    <name>NY NY Brooklyn</name>
    <styleUrl>#cityStyle</styleUrl>
    <description>Date: 21-Aug-10 | Miles: None</description>
    <Point><coordinates>-73.99501481,40.7292053,0.0</coordinates></Point>
  </Placemark>

  <Placemark>
    <name>Washington D.C.</name>
    <styleUrl>#cityStyle</styleUrl>
    <description>Date: 22-Aug-10 | Miles: None</description>
    <Point><coordinates>-77.0365427,38.8950368,0.0</coordinates></Point>
  </Placemark>

  <Placemark>
    <name>Washington D.C.</name>
    <styleUrl>#cityStyle</styleUrl>
    <description>Date: 22-Aug-10 | Miles: None</description>
    <Point><coordinates>-77.0365427,38.8950368,0.0</coordinates></Point>
  </Placemark>

  <Placemark>
    <name>Austin</name>
    <styleUrl>#cityStyle</styleUrl>
    <description>Date: 23-Aug-10 | Miles: None</description>
    <Point><coordinates>-97.73393515,30.2851494,0.0</coordinates></Point>
  </Placemark>

  <Placemark>
    <name>Austin</name>
    <styleUrl>#cityStyle</styleUrl>
    <description>Date: 23-Aug-10 | Miles: None</description>
    <Point><coordinates>-97.73393515,30.2851494,0.0</coordinates></Point>
  </Placemark>

  <Placemark>
    <name>Atlanta Georga</name>
    <styleUrl>#cityStyle</styleUrl>
    <description>Date: 24-Aug-10 | Miles: None</description>
    <Point><coordinates>-84.3898151,33.7544657,0.0</coordinates></Point>
  </Placemark>

  <Placemark>
    <name>Atlanta Georga</name>
    <styleUrl>#cityStyle</styleUrl>
    <description>Date: 24-Aug-10 | Miles: None</description>
    <Point><coordinates>-84.3898151,33.7544657,0.0</coordinates></Point>
  </Placemark>

  <Placemark>
    <name>Orlando, FL</name>
    <styleUrl>#cityStyle</styleUrl>
    <description>Date: 25-Aug-10 | Miles: None</description>
    <Point><coordinates>-81.3790304,28.5421109,0.0</coordinates></Point>
  </Placemark>

  <Placemark>
    <name>Orlando, FL</name>
    <styleUrl>#cityStyle</styleUrl>
    <description>Date: 25-Aug-10 | Miles: None</description>
    <Point><coordinates>-81.3790304,28.5421109,0.0</coordinates></Point>
  </Placemark>

  <Placemark>
    <name>Miami FL</name>
    <styleUrl>#cityStyle</styleUrl>
    <description>Date: 26-Aug-10 | Miles: None</description>
    <Point><coordinates>-80.19362,25.7741728,0.0</coordinates></Point>
  </Placemark>

  <Placemark>
    <name>Miami FL</name>
    <styleUrl>#cityStyle</styleUrl>
    <description>Date: 26-Aug-10 | Miles: None</description>
    <Point><coordinates>-80.19362,25.7741728,0.0</coordinates></Point>
  </Placemark>

  <Placemark>
    <name>Gainesville, FL</name>
    <styleUrl>#cityStyle</styleUrl>
    <description>Date: 27-Aug-10 | Miles: None</description>
    <Point><coordinates>-82.3249846,29.6519684,0.0</coordinates></Point>
  </Placemark>

  <Placemark>
    <name>Gainesville, FL</name>
    <styleUrl>#cityStyle</styleUrl>
    <description>Date: 27-Aug-10 | Miles: None</description>
    <Point><coordinates>-82.3249846,29.6519684,0.0</coordinates></Point>
  </Placemark>

  <Placemark>
    <name>Shelby NC</name>
    <styleUrl>#cityStyle</styleUrl>
    <description>Date: 28-Aug-10 | Miles: None</description>
    <Point><coordinates>-81.5356463,35.2923513,0.0</coordinates></Point>
  </Placemark>

  <Placemark>
    <name>Shelby NC</name>
    <styleUrl>#cityStyle</styleUrl>
    <description>Date: 28-Aug-10 | Miles: None</description>
    <Point><coordinates>-81.5356463,35.2923513,0.0</coordinates></Point>
  </Placemark>

  <Placemark>
    <name>Manchester</name>
    <styleUrl>#cityStyle</styleUrl>
    <description>Date: 14-Sep-10 | Miles: None</description>
    <Point><coordinates>-2.233085819,53.46602255,0.0</coordinates></Point>
  </Placemark>

  <Placemark>
    <name>Manchester</name>
    <styleUrl>#cityStyle</styleUrl>
    <description>Date: 14-Sep-10 | Miles: None</description>
    <Point><coordinates>-2.233085819,53.46602255,0.0</coordinates></Point>
  </Placemark>

  <Placemark>
    <name>Leeds</name>
    <styleUrl>#cityStyle</styleUrl>
    <description>Date: 24-Nov-10 | Miles: None</description>
    <Point><coordinates>-1.555110999,53.8057925,0.0</coordinates></Point>
  </Placemark>

  <Placemark>
    <name>Leeds</name>
    <styleUrl>#cityStyle</styleUrl>
    <description>Date: 24-Nov-10 | Miles: None</description>
    <Point><coordinates>-1.555110999,53.8057925,0.0</coordinates></Point>
  </Placemark>

  <Placemark>
    <name>Manchester</name>
    <styleUrl>#cityStyle</styleUrl>
    <description>Date: 15-Dec-10 | Miles: None</description>
    <Point><coordinates>-2.233085819,53.46602255,0.0</coordinates></Point>
  </Placemark>

  <Placemark>
    <name>Manchester</name>
    <styleUrl>#cityStyle</styleUrl>
    <description>Date: 15-Dec-10 | Miles: None</description>
    <Point><coordinates>-2.233085819,53.46602255,0.0</coordinates></Point>
  </Placemark>

  <Placemark>
    <name>Los Angeles</name>
    <styleUrl>#cityStyle</styleUrl>
    <description>Date: 16-Dec-10 | Miles: None</description>
    <Point><coordinates>-118.4468503,34.07087775,0.0</coordinates></Point>
  </Placemark>

  <Placemark>
    <name>Los Angeles</name>
    <styleUrl>#cityStyle</styleUrl>
    <description>Date: 16-Dec-10 | Miles: None</description>
    <Point><coordinates>-118.4468503,34.07087775,0.0</coordinates></Point>
  </Placemark>

  <Placemark>
    <name>Leeds</name>
    <styleUrl>#cityStyle</styleUrl>
    <description>Date: 21-Dec-10 | Miles: None</description>
    <Point><coordinates>-1.555110999,53.8057925,0.0</coordinates></Point>
  </Placemark>

  <Placemark>
    <name>Leeds</name>
    <styleUrl>#cityStyle</styleUrl>
    <description>Date: 21-Dec-10 | Miles: None</description>
    <Point><coordinates>-1.555110999,53.8057925,0.0</coordinates></Point>
  </Placemark>

  <Placemark>
    <name>Los Angeles</name>
    <styleUrl>#cityStyle</styleUrl>
    <description>Date: 14-Jan-11 | Miles: None</description>
    <Point><coordinates>-118.4468503,34.07087775,0.0</coordinates></Point>
  </Placemark>

  <Placemark>
    <name>Los Angeles</name>
    <styleUrl>#cityStyle</styleUrl>
    <description>Date: 14-Jan-11 | Miles: None</description>
    <Point><coordinates>-118.4468503,34.07087775,0.0</coordinates></Point>
  </Placemark>

  <Placemark>
    <name>Manchester</name>
    <styleUrl>#cityStyle</styleUrl>
    <description>Date: 22-Jan-11 | Miles: None</description>
    <Point><coordinates>-2.233085819,53.46602255,0.0</coordinates></Point>
  </Placemark>

  <Placemark>
    <name>Manchester</name>
    <styleUrl>#cityStyle</styleUrl>
    <description>Date: 22-Jan-11 | Miles: None</description>
    <Point><coordinates>-2.233085819,53.46602255,0.0</coordinates></Point>
  </Placemark>

  <Placemark>
    <name>STONE</name>
    <styleUrl>#cityStyle</styleUrl>
    <description>Date: 23-Jan-11 | Miles: None</description>
    <Point><coordinates>-2.1477653,52.9033037,0.0</coordinates></Point>
  </Placemark>

  <Placemark>
    <name>STONE</name>
    <styleUrl>#cityStyle</styleUrl>
    <description>Date: 23-Jan-11 | Miles: None</description>
    <Point><coordinates>-2.1477653,52.9033037,0.0</coordinates></Point>
  </Placemark>

  <Placemark>
    <name>Toronto</name>
    <styleUrl>#cityStyle</styleUrl>
    <description>Date: 19-Aug-11 | Miles: None</description>
    <Point><coordinates>-79.39775966,43.663462,0.0</coordinates></Point>
  </Placemark>

  <Placemark>
    <name>Toronto</name>
    <styleUrl>#cityStyle</styleUrl>
    <description>Date: 19-Aug-11 | Miles: None</description>
    <Point><coordinates>-79.39775966,43.663462,0.0</coordinates></Point>
  </Placemark>

  <Placemark>
    <name>Leeds</name>
    <styleUrl>#cityStyle</styleUrl>
    <description>Date: 21-Aug-11 | Miles: None</description>
    <Point><coordinates>-1.555110999,53.8057925,0.0</coordinates></Point>
  </Placemark>

  <Placemark>
    <name>Leeds</name>
    <styleUrl>#cityStyle</styleUrl>
    <description>Date: 21-Aug-11 | Miles: None</description>
    <Point><coordinates>-1.555110999,53.8057925,0.0</coordinates></Point>
  </Placemark>

  <Placemark>
    <name>Leeds</name>
    <styleUrl>#cityStyle</styleUrl>
    <description>Date: 22-Oct-11 | Miles: None</description>
    <Point><coordinates>-1.555110999,53.8057925,0.0</coordinates></Point>
  </Placemark>

  <Placemark>
    <name>Leeds</name>
    <styleUrl>#cityStyle</styleUrl>
    <description>Date: 22-Oct-11 | Miles: None</description>
    <Point><coordinates>-1.555110999,53.8057925,0.0</coordinates></Point>
  </Placemark>

  <Placemark>
    <name>Los Angeles</name>
    <styleUrl>#cityStyle</styleUrl>
    <description>Date: 05-Dec-11 | Miles: None</description>
    <Point><coordinates>-118.4468503,34.07087775,0.0</coordinates></Point>
  </Placemark>

  <Placemark>
    <name>Los Angeles</name>
    <styleUrl>#cityStyle</styleUrl>
    <description>Date: 05-Dec-11 | Miles: None</description>
    <Point><coordinates>-118.4468503,34.07087775,0.0</coordinates></Point>
  </Placemark>

  <Placemark>
    <name>Phoenix</name>
    <styleUrl>#cityStyle</styleUrl>
    <description>Date: 06-Dec-11 | Miles: None</description>
    <Point><coordinates>-112.074141,33.4484367,0.0</coordinates></Point>
  </Placemark>

  <Placemark>
    <name>Phoenix</name>
    <styleUrl>#cityStyle</styleUrl>
    <description>Date: 06-Dec-11 | Miles: None</description>
    <Point><coordinates>-112.074141,33.4484367,0.0</coordinates></Point>
  </Placemark>

  <Placemark>
    <name>Cabo</name>
    <styleUrl>#cityStyle</styleUrl>
    <description>Date: 07-Dec-11 | Miles: None</description>
    <Point><coordinates>-109.92006,22.8938884,0.0</coordinates></Point>
  </Placemark>

  <Placemark>
    <name>Cabo</name>
    <styleUrl>#cityStyle</styleUrl>
    <description>Date: 07-Dec-11 | Miles: None</description>
    <Point><coordinates>-109.92006,22.8938884,0.0</coordinates></Point>
  </Placemark>

  <Placemark>
    <name>Phoenix</name>
    <styleUrl>#cityStyle</styleUrl>
    <description>Date: 07-Dec-11 | Miles: None</description>
    <Point><coordinates>-112.074141,33.4484367,0.0</coordinates></Point>
  </Placemark>

  <Placemark>
    <name>Phoenix</name>
    <styleUrl>#cityStyle</styleUrl>
    <description>Date: 07-Dec-11 | Miles: None</description>
    <Point><coordinates>-112.074141,33.4484367,0.0</coordinates></Point>
  </Placemark>

  <Placemark>
    <name>Austin</name>
    <styleUrl>#cityStyle</styleUrl>
    <description>Date: 08-Dec-11 | Miles: None</description>
    <Point><coordinates>-97.73393515,30.2851494,0.0</coordinates></Point>
  </Placemark>

  <Placemark>
    <name>Austin</name>
    <styleUrl>#cityStyle</styleUrl>
    <description>Date: 08-Dec-11 | Miles: None</description>
    <Point><coordinates>-97.73393515,30.2851494,0.0</coordinates></Point>
  </Placemark>

  <Placemark>
    <name>Atlanta</name>
    <styleUrl>#cityStyle</styleUrl>
    <description>Date: 12-Dec-11 | Miles: None</description>
    <Point><coordinates>-84.3898151,33.7544657,0.0</coordinates></Point>
  </Placemark>

  <Placemark>
    <name>Atlanta</name>
    <styleUrl>#cityStyle</styleUrl>
    <description>Date: 12-Dec-11 | Miles: None</description>
    <Point><coordinates>-84.3898151,33.7544657,0.0</coordinates></Point>
  </Placemark>

  <Placemark>
    <name>Amsterdam</name>
    <styleUrl>#cityStyle</styleUrl>
    <description>Date: 13-Dec-11 | Miles: None</description>
    <Point><coordinates>4.877929688,52.36889171,0.0</coordinates></Point>
  </Placemark>

  <Placemark>
    <name>Amsterdam</name>
    <styleUrl>#cityStyle</styleUrl>
    <description>Date: 13-Dec-11 | Miles: None</description>
    <Point><coordinates>4.877929688,52.36889171,0.0</coordinates></Point>
  </Placemark>

  <Placemark>
    <name>Leeds</name>
    <styleUrl>#cityStyle</styleUrl>
    <description>Date: 13-Dec-11 | Miles: None</description>
    <Point><coordinates>-1.555110999,53.8057925,0.0</coordinates></Point>
  </Placemark>

  <Placemark>
    <name>Leeds</name>
    <styleUrl>#cityStyle</styleUrl>
    <description>Date: 13-Dec-11 | Miles: None</description>
    <Point><coordinates>-1.555110999,53.8057925,0.0</coordinates></Point>
  </Placemark>

  <Placemark>
    <name>Leeds</name>
    <styleUrl>#cityStyle</styleUrl>
    <description>Date: 25-Dec-11 | Miles: None</description>
    <Point><coordinates>-1.555110999,53.8057925,0.0</coordinates></Point>
  </Placemark>

  <Placemark>
    <name>Leeds</name>
    <styleUrl>#cityStyle</styleUrl>
    <description>Date: 25-Dec-11 | Miles: None</description>
    <Point><coordinates>-1.555110999,53.8057925,0.0</coordinates></Point>
  </Placemark>

  <Placemark>
    <name>Los Angeles</name>
    <styleUrl>#cityStyle</styleUrl>
    <description>Date: 31-Dec-11 | Miles: None</description>
    <Point><coordinates>-118.4468503,34.07087775,0.0</coordinates></Point>
  </Placemark>

  <Placemark>
    <name>Los Angeles</name>
    <styleUrl>#cityStyle</styleUrl>
    <description>Date: 31-Dec-11 | Miles: None</description>
    <Point><coordinates>-118.4468503,34.07087775,0.0</coordinates></Point>
  </Placemark>

  <Placemark>
    <name>London</name>
    <styleUrl>#cityStyle</styleUrl>
    <description>Date: 31-Dec-11 | Miles: None</description>
    <Point><coordinates>-0.0919983,51.5156177,0.0</coordinates></Point>
  </Placemark>

  <Placemark>
    <name>London</name>
    <styleUrl>#cityStyle</styleUrl>
    <description>Date: 31-Dec-11 | Miles: None</description>
    <Point><coordinates>-0.0919983,51.5156177,0.0</coordinates></Point>
  </Placemark>

  <Placemark>
    <name>Zurich</name>
    <styleUrl>#cityStyle</styleUrl>
    <description>Date: 02-Jan-12 | Miles: None</description>
    <Point><coordinates>8.656394,47.4133024,0.0</coordinates></Point>
  </Placemark>

  <Placemark>
    <name>Zurich</name>
    <styleUrl>#cityStyle</styleUrl>
    <description>Date: 02-Jan-12 | Miles: None</description>
    <Point><coordinates>8.656394,47.4133024,0.0</coordinates></Point>
  </Placemark>

  <Placemark>
    <name>Manchester</name>
    <styleUrl>#cityStyle</styleUrl>
    <description>Date: 02-Jan-12 | Miles: None</description>
    <Point><coordinates>-2.233085819,53.46602255,0.0</coordinates></Point>
  </Placemark>

  <Placemark>
    <name>Manchester</name>
    <styleUrl>#cityStyle</styleUrl>
    <description>Date: 02-Jan-12 | Miles: None</description>
    <Point><coordinates>-2.233085819,53.46602255,0.0</coordinates></Point>
  </Placemark>

  <Placemark>
    <name>Los Angeles</name>
    <styleUrl>#cityStyle</styleUrl>
    <description>Date: 13-Feb-12 | Miles: None</description>
    <Point><coordinates>-118.4468503,34.07087775,0.0</coordinates></Point>
  </Placemark>

  <Placemark>
    <name>Los Angeles</name>
    <styleUrl>#cityStyle</styleUrl>
    <description>Date: 13-Feb-12 | Miles: None</description>
    <Point><coordinates>-118.4468503,34.07087775,0.0</coordinates></Point>
  </Placemark>

  <Placemark>
    <name>St Pauls</name>
    <styleUrl>#cityStyle</styleUrl>
    <description>Date: 24-Apr-12 | Miles: None</description>
    <Point><coordinates>-93.22092805,44.87801905,0.0</coordinates></Point>
  </Placemark>

  <Placemark>
    <name>St Pauls</name>
    <styleUrl>#cityStyle</styleUrl>
    <description>Date: 24-Apr-12 | Miles: None</description>
    <Point><coordinates>-93.22092805,44.87801905,0.0</coordinates></Point>
  </Placemark>

  <Placemark>
    <name>Leeds</name>
    <styleUrl>#cityStyle</styleUrl>
    <description>Date: 01-May-12 | Miles: None</description>
    <Point><coordinates>-1.555110999,53.8057925,0.0</coordinates></Point>
  </Placemark>

  <Placemark>
    <name>Leeds</name>
    <styleUrl>#cityStyle</styleUrl>
    <description>Date: 01-May-12 | Miles: None</description>
    <Point><coordinates>-1.555110999,53.8057925,0.0</coordinates></Point>
  </Placemark>

  <Placemark>
    <name>Toronto</name>
    <styleUrl>#cityStyle</styleUrl>
    <description>Date: 15-Oct-12 | Miles: None</description>
    <Point><coordinates>-79.39775966,43.663462,0.0</coordinates></Point>
  </Placemark>

  <Placemark>
    <name>Toronto</name>
    <styleUrl>#cityStyle</styleUrl>
    <description>Date: 15-Oct-12 | Miles: None</description>
    <Point><coordinates>-79.39775966,43.663462,0.0</coordinates></Point>
  </Placemark>

  <Placemark>
    <name>Los Angeles</name>
    <styleUrl>#cityStyle</styleUrl>
    <description>Date: 02-Feb-13 | Miles: None</description>
    <Point><coordinates>-118.4468503,34.07087775,0.0</coordinates></Point>
  </Placemark>

  <Placemark>
    <name>Los Angeles</name>
    <styleUrl>#cityStyle</styleUrl>
    <description>Date: 02-Feb-13 | Miles: None</description>
    <Point><coordinates>-118.4468503,34.07087775,0.0</coordinates></Point>
  </Placemark>

  <Placemark>
    <name>Philidelphia</name>
    <styleUrl>#cityStyle</styleUrl>
    <description>Date: 02-Feb-13 | Miles: None</description>
    <Point><coordinates>-75.16298929,39.9527237,0.0</coordinates></Point>
  </Placemark>

  <Placemark>
    <name>Philidelphia</name>
    <styleUrl>#cityStyle</styleUrl>
    <description>Date: 02-Feb-13 | Miles: None</description>
    <Point><coordinates>-75.16298929,39.9527237,0.0</coordinates></Point>
  </Placemark>

  <Placemark>
    <name>Austin</name>
    <styleUrl>#cityStyle</styleUrl>
    <description>Date: 09-Feb-13 | Miles: None</description>
    <Point><coordinates>-97.73393515,30.2851494,0.0</coordinates></Point>
  </Placemark>

  <Placemark>
    <name>Austin</name>
    <styleUrl>#cityStyle</styleUrl>
    <description>Date: 09-Feb-13 | Miles: None</description>
    <Point><coordinates>-97.73393515,30.2851494,0.0</coordinates></Point>
  </Placemark>

  <Placemark>
    <name>Phoenix</name>
    <styleUrl>#cityStyle</styleUrl>
    <description>Date: 09-Feb-13 | Miles: None</description>
    <Point><coordinates>-112.074141,33.4484367,0.0</coordinates></Point>
  </Placemark>

  <Placemark>
    <name>Phoenix</name>
    <styleUrl>#cityStyle</styleUrl>
    <description>Date: 09-Feb-13 | Miles: None</description>
    <Point><coordinates>-112.074141,33.4484367,0.0</coordinates></Point>
  </Placemark>

  <Placemark>
    <name>Los Angeles</name>
    <styleUrl>#cityStyle</styleUrl>
    <description>Date: 25-Mar-13 | Miles: None</description>
    <Point><coordinates>-118.4468503,34.07087775,0.0</coordinates></Point>
  </Placemark>

  <Placemark>
    <name>Los Angeles</name>
    <styleUrl>#cityStyle</styleUrl>
    <description>Date: 25-Mar-13 | Miles: None</description>
    <Point><coordinates>-118.4468503,34.07087775,0.0</coordinates></Point>
  </Placemark>

  <Placemark>
    <name>Leeds</name>
    <styleUrl>#cityStyle</styleUrl>
    <description>Date: 26-Mar-13 | Miles: None</description>
    <Point><coordinates>-1.555110999,53.8057925,0.0</coordinates></Point>
  </Placemark>

  <Placemark>
    <name>Leeds</name>
    <styleUrl>#cityStyle</styleUrl>
    <description>Date: 26-Mar-13 | Miles: None</description>
    <Point><coordinates>-1.555110999,53.8057925,0.0</coordinates></Point>
  </Placemark>

  <Placemark>
    <name>London</name>
    <styleUrl>#cityStyle</styleUrl>
    <description>Date: 30-Mar-13 | Miles: None</description>
    <Point><coordinates>-0.0919983,51.5156177,0.0</coordinates></Point>
  </Placemark>

  <Placemark>
    <name>London</name>
    <styleUrl>#cityStyle</styleUrl>
    <description>Date: 30-Mar-13 | Miles: None</description>
    <Point><coordinates>-0.0919983,51.5156177,0.0</coordinates></Point>
  </Placemark>

  <Placemark>
    <name>London</name>
    <styleUrl>#cityStyle</styleUrl>
    <description>Date: 31-Mar-13 | Miles: None</description>
    <Point><coordinates>-0.0919983,51.5156177,0.0</coordinates></Point>
  </Placemark>

  <Placemark>
    <name>London</name>
    <styleUrl>#cityStyle</styleUrl>
    <description>Date: 31-Mar-13 | Miles: None</description>
    <Point><coordinates>-0.0919983,51.5156177,0.0</coordinates></Point>
  </Placemark>

  <Placemark>
    <name>Los Angeles</name>
    <styleUrl>#cityStyle</styleUrl>
    <description>Date: 22-Apr-13 | Miles: None</description>
    <Point><coordinates>-118.4468503,34.07087775,0.0</coordinates></Point>
  </Placemark>

  <Placemark>
    <name>Los Angeles</name>
    <styleUrl>#cityStyle</styleUrl>
    <description>Date: 22-Apr-13 | Miles: None</description>
    <Point><coordinates>-118.4468503,34.07087775,0.0</coordinates></Point>
  </Placemark>

  <Placemark>
    <name>Austin</name>
    <styleUrl>#cityStyle</styleUrl>
    <description>Date: 03-May-13 | Miles: None</description>
    <Point><coordinates>-97.73393515,30.2851494,0.0</coordinates></Point>
  </Placemark>

  <Placemark>
    <name>Austin</name>
    <styleUrl>#cityStyle</styleUrl>
    <description>Date: 03-May-13 | Miles: None</description>
    <Point><coordinates>-97.73393515,30.2851494,0.0</coordinates></Point>
  </Placemark>

  <Placemark>
    <name>Phoenix</name>
    <styleUrl>#cityStyle</styleUrl>
    <description>Date: 29-May-13 | Miles: None</description>
    <Point><coordinates>-112.074141,33.4484367,0.0</coordinates></Point>
  </Placemark>

  <Placemark>
    <name>Phoenix</name>
    <styleUrl>#cityStyle</styleUrl>
    <description>Date: 29-May-13 | Miles: None</description>
    <Point><coordinates>-112.074141,33.4484367,0.0</coordinates></Point>
  </Placemark>

  <Placemark>
    <name>Los Angeles</name>
    <styleUrl>#cityStyle</styleUrl>
    <description>Date: 29-May-13 | Miles: None</description>
    <Point><coordinates>-118.4468503,34.07087775,0.0</coordinates></Point>
  </Placemark>

  <Placemark>
    <name>Los Angeles</name>
    <styleUrl>#cityStyle</styleUrl>
    <description>Date: 29-May-13 | Miles: None</description>
    <Point><coordinates>-118.4468503,34.07087775,0.0</coordinates></Point>
  </Placemark>

  <Placemark>
    <name>Los Angeles</name>
    <styleUrl>#cityStyle</styleUrl>
    <description>Date: 30-May-13 | Miles: None</description>
    <Point><coordinates>-118.4468503,34.07087775,0.0</coordinates></Point>
  </Placemark>

  <Placemark>
    <name>Los Angeles</name>
    <styleUrl>#cityStyle</styleUrl>
    <description>Date: 30-May-13 | Miles: None</description>
    <Point><coordinates>-118.4468503,34.07087775,0.0</coordinates></Point>
  </Placemark>

  <Placemark>
    <name>NY</name>
    <styleUrl>#cityStyle</styleUrl>
    <description>Date: 04-Jun-13 | Miles: None</description>
    <Point><coordinates>-73.99501481,40.7292053,0.0</coordinates></Point>
  </Placemark>

  <Placemark>
    <name>NY</name>
    <styleUrl>#cityStyle</styleUrl>
    <description>Date: 04-Jun-13 | Miles: None</description>
    <Point><coordinates>-73.99501481,40.7292053,0.0</coordinates></Point>
  </Placemark>

  <Placemark>
    <name>Leeds</name>
    <styleUrl>#cityStyle</styleUrl>
    <description>Date: 07-Jun-13 | Miles: None</description>
    <Point><coordinates>-1.555110999,53.8057925,0.0</coordinates></Point>
  </Placemark>

  <Placemark>
    <name>Leeds</name>
    <styleUrl>#cityStyle</styleUrl>
    <description>Date: 07-Jun-13 | Miles: None</description>
    <Point><coordinates>-1.555110999,53.8057925,0.0</coordinates></Point>
  </Placemark>

  <Placemark>
    <name>Los Angeles</name>
    <styleUrl>#cityStyle</styleUrl>
    <description>Date: 20-Jun-13 | Miles: None</description>
    <Point><coordinates>-118.4468503,34.07087775,0.0</coordinates></Point>
  </Placemark>

  <Placemark>
    <name>Los Angeles</name>
    <styleUrl>#cityStyle</styleUrl>
    <description>Date: 20-Jun-13 | Miles: None</description>
    <Point><coordinates>-118.4468503,34.07087775,0.0</coordinates></Point>
  </Placemark>

  <Placemark>
    <name>Leeds</name>
    <styleUrl>#cityStyle</styleUrl>
    <description>Date: 01-Jul-13 | Miles: None</description>
    <Point><coordinates>-1.555110999,53.8057925,0.0</coordinates></Point>
  </Placemark>

  <Placemark>
    <name>Leeds</name>
    <styleUrl>#cityStyle</styleUrl>
    <description>Date: 01-Jul-13 | Miles: None</description>
    <Point><coordinates>-1.555110999,53.8057925,0.0</coordinates></Point>
  </Placemark>

  <Placemark>
    <name>Leeds</name>
    <styleUrl>#cityStyle</styleUrl>
    <description>Date: 11-Jul-13 | Miles: None</description>
    <Point><coordinates>-1.555110999,53.8057925,0.0</coordinates></Point>
  </Placemark>

  <Placemark>
    <name>Leeds</name>
    <styleUrl>#cityStyle</styleUrl>
    <description>Date: 11-Jul-13 | Miles: None</description>
    <Point><coordinates>-1.555110999,53.8057925,0.0</coordinates></Point>
  </Placemark>

  <Placemark>
    <name>Leeds</name>
    <styleUrl>#cityStyle</styleUrl>
    <description>Date: 22-Jul-13 | Miles: None</description>
    <Point><coordinates>-1.555110999,53.8057925,0.0</coordinates></Point>
  </Placemark>

  <Placemark>
    <name>Leeds</name>
    <styleUrl>#cityStyle</styleUrl>
    <description>Date: 22-Jul-13 | Miles: None</description>
    <Point><coordinates>-1.555110999,53.8057925,0.0</coordinates></Point>
  </Placemark>

  <Placemark>
    <name>Leeds</name>
    <styleUrl>#cityStyle</styleUrl>
    <description>Date: 07-Aug-13 | Miles: None</description>
    <Point><coordinates>-1.555110999,53.8057925,0.0</coordinates></Point>
  </Placemark>

  <Placemark>
    <name>Leeds</name>
    <styleUrl>#cityStyle</styleUrl>
    <description>Date: 07-Aug-13 | Miles: None</description>
    <Point><coordinates>-1.555110999,53.8057925,0.0</coordinates></Point>
  </Placemark>

  <Placemark>
    <name>Leeds</name>
    <styleUrl>#cityStyle</styleUrl>
    <description>Date: 10-Mar-14 | Miles: None</description>
    <Point><coordinates>-1.555110999,53.8057925,0.0</coordinates></Point>
  </Placemark>

  <Placemark>
    <name>Leeds</name>
    <styleUrl>#cityStyle</styleUrl>
    <description>Date: 10-Mar-14 | Miles: None</description>
    <Point><coordinates>-1.555110999,53.8057925,0.0</coordinates></Point>
  </Placemark>

  <Placemark>
    <name>Leeds</name>
    <styleUrl>#cityStyle</styleUrl>
    <description>Date: 12-Mar-14 | Miles: None</description>
    <Point><coordinates>-1.555110999,53.8057925,0.0</coordinates></Point>
  </Placemark>

  <Placemark>
    <name>Leeds</name>
    <styleUrl>#cityStyle</styleUrl>
    <description>Date: 12-Mar-14 | Miles: None</description>
    <Point><coordinates>-1.555110999,53.8057925,0.0</coordinates></Point>
  </Placemark>

  <Placemark>
    <name>Austin</name>
    <styleUrl>#cityStyle</styleUrl>
    <description>Date: 01-Apr-14 | Miles: None</description>
    <Point><coordinates>-97.73393515,30.2851494,0.0</coordinates></Point>
  </Placemark>

  <Placemark>
    <name>Austin</name>
    <styleUrl>#cityStyle</styleUrl>
    <description>Date: 01-Apr-14 | Miles: None</description>
    <Point><coordinates>-97.73393515,30.2851494,0.0</coordinates></Point>
  </Placemark>

  <Placemark>
    <name>Los Angeles</name>
    <styleUrl>#cityStyle</styleUrl>
    <description>Date: 01-Apr-14 | Miles: None</description>
    <Point><coordinates>-118.4468503,34.07087775,0.0</coordinates></Point>
  </Placemark>

  <Placemark>
    <name>Los Angeles</name>
    <styleUrl>#cityStyle</styleUrl>
    <description>Date: 01-Apr-14 | Miles: None</description>
    <Point><coordinates>-118.4468503,34.07087775,0.0</coordinates></Point>
  </Placemark>

  <Placemark>
    <name>Detroit</name>
    <styleUrl>#cityStyle</styleUrl>
    <description>Date: 01-Apr-14 | Miles: None</description>
    <Point><coordinates>-83.0466403,42.3315509,0.0</coordinates></Point>
  </Placemark>

  <Placemark>
    <name>Detroit</name>
    <styleUrl>#cityStyle</styleUrl>
    <description>Date: 01-Apr-14 | Miles: None</description>
    <Point><coordinates>-83.0466403,42.3315509,0.0</coordinates></Point>
  </Placemark>

  <Placemark>
    <name>Paris</name>
    <styleUrl>#cityStyle</styleUrl>
    <description>Date: 01-Apr-14 | Miles: None</description>
    <Point><coordinates>2.336525398,48.8365091,0.0</coordinates></Point>
  </Placemark>

  <Placemark>
    <name>Paris</name>
    <styleUrl>#cityStyle</styleUrl>
    <description>Date: 01-Apr-14 | Miles: None</description>
    <Point><coordinates>2.336525398,48.8365091,0.0</coordinates></Point>
  </Placemark>

  <Placemark>
    <name>Paris</name>
    <styleUrl>#cityStyle</styleUrl>
    <description>Date: 01-Apr-14 | Miles: None</description>
    <Point><coordinates>2.336525398,48.8365091,0.0</coordinates></Point>
  </Placemark>

  <Placemark>
    <name>Paris</name>
    <styleUrl>#cityStyle</styleUrl>
    <description>Date: 01-Apr-14 | Miles: None</description>
    <Point><coordinates>2.336525398,48.8365091,0.0</coordinates></Point>
  </Placemark>

  <Placemark>
    <name>Leeds</name>
    <styleUrl>#cityStyle</styleUrl>
    <description>Date: 01-Apr-14 | Miles: None</description>
    <Point><coordinates>-1.555110999,53.8057925,0.0</coordinates></Point>
  </Placemark>

  <Placemark>
    <name>Leeds</name>
    <styleUrl>#cityStyle</styleUrl>
    <description>Date: 01-Apr-14 | Miles: None</description>
    <Point><coordinates>-1.555110999,53.8057925,0.0</coordinates></Point>
  </Placemark>

  <Placemark>
    <name>San Antonio</name>
    <styleUrl>#cityStyle</styleUrl>
    <description>Date: 12-Apr-14 | Miles: None</description>
    <Point><coordinates>-98.4951405,29.4246002,0.0</coordinates></Point>
  </Placemark>

  <Placemark>
    <name>San Antonio</name>
    <styleUrl>#cityStyle</styleUrl>
    <description>Date: 12-Apr-14 | Miles: None</description>
    <Point><coordinates>-98.4951405,29.4246002,0.0</coordinates></Point>
  </Placemark>

  <Placemark>
    <name>Austin</name>
    <styleUrl>#cityStyle</styleUrl>
    <description>Date: 12-Apr-14 | Miles: None</description>
    <Point><coordinates>-97.73393515,30.2851494,0.0</coordinates></Point>
  </Placemark>

  <Placemark>
    <name>Austin</name>
    <styleUrl>#cityStyle</styleUrl>
    <description>Date: 12-Apr-14 | Miles: None</description>
    <Point><coordinates>-97.73393515,30.2851494,0.0</coordinates></Point>
  </Placemark>

  <Placemark>
    <name>Los Angeles</name>
    <styleUrl>#cityStyle</styleUrl>
    <description>Date: 15-Apr-14 | Miles: None</description>
    <Point><coordinates>-118.4468503,34.07087775,0.0</coordinates></Point>
  </Placemark>

  <Placemark>
    <name>Los Angeles</name>
    <styleUrl>#cityStyle</styleUrl>
    <description>Date: 15-Apr-14 | Miles: None</description>
    <Point><coordinates>-118.4468503,34.07087775,0.0</coordinates></Point>
  </Placemark>

  <Placemark>
    <name>Manchester</name>
    <styleUrl>#cityStyle</styleUrl>
    <description>Date: 16-Apr-14 | Miles: None</description>
    <Point><coordinates>-2.233085819,53.46602255,0.0</coordinates></Point>
  </Placemark>

  <Placemark>
    <name>Manchester</name>
    <styleUrl>#cityStyle</styleUrl>
    <description>Date: 16-Apr-14 | Miles: None</description>
    <Point><coordinates>-2.233085819,53.46602255,0.0</coordinates></Point>
  </Placemark>

  <Placemark>
    <name>Washington</name>
    <styleUrl>#cityStyle</styleUrl>
    <description>Date: 06-Oct-14 | Miles: None</description>
    <Point><coordinates>-120.212613,47.2868352,0.0</coordinates></Point>
  </Placemark>

  <Placemark>
    <name>Washington</name>
    <styleUrl>#cityStyle</styleUrl>
    <description>Date: 06-Oct-14 | Miles: None</description>
    <Point><coordinates>-120.212613,47.2868352,0.0</coordinates></Point>
  </Placemark>

  <Placemark>
    <name>Atlanta</name>
    <styleUrl>#cityStyle</styleUrl>
    <description>Date: 07-Oct-14 | Miles: None</description>
    <Point><coordinates>-84.3898151,33.7544657,0.0</coordinates></Point>
  </Placemark>

  <Placemark>
    <name>Atlanta</name>
    <styleUrl>#cityStyle</styleUrl>
    <description>Date: 07-Oct-14 | Miles: None</description>
    <Point><coordinates>-84.3898151,33.7544657,0.0</coordinates></Point>
  </Placemark>

  <Placemark>
    <name>Fayetteville</name>
    <styleUrl>#cityStyle</styleUrl>
    <description>Date: 07-Oct-14 | Miles: None</description>
    <Point><coordinates>-94.1574328,36.0625843,0.0</coordinates></Point>
  </Placemark>

  <Placemark>
    <name>Fayetteville</name>
    <styleUrl>#cityStyle</styleUrl>
    <description>Date: 07-Oct-14 | Miles: None</description>
    <Point><coordinates>-94.1574328,36.0625843,0.0</coordinates></Point>
  </Placemark>

  <Placemark>
    <name>Wilmington</name>
    <styleUrl>#cityStyle</styleUrl>
    <description>Date: 08-Oct-14 | Miles: None</description>
    <Point><coordinates>-77.86907744,34.2249827,0.0</coordinates></Point>
  </Placemark>

  <Placemark>
    <name>Wilmington</name>
    <styleUrl>#cityStyle</styleUrl>
    <description>Date: 08-Oct-14 | Miles: None</description>
    <Point><coordinates>-77.86907744,34.2249827,0.0</coordinates></Point>
  </Placemark>

  <Placemark>
    <name>Austin</name>
    <styleUrl>#cityStyle</styleUrl>
    <description>Date: 11-Oct-14 | Miles: None</description>
    <Point><coordinates>-97.73393515,30.2851494,0.0</coordinates></Point>
  </Placemark>

  <Placemark>
    <name>Austin</name>
    <styleUrl>#cityStyle</styleUrl>
    <description>Date: 11-Oct-14 | Miles: None</description>
    <Point><coordinates>-97.73393515,30.2851494,0.0</coordinates></Point>
  </Placemark>

  <Placemark>
    <name>Atlanta</name>
    <styleUrl>#cityStyle</styleUrl>
    <description>Date: 11-Oct-14 | Miles: None</description>
    <Point><coordinates>-84.3898151,33.7544657,0.0</coordinates></Point>
  </Placemark>

  <Placemark>
    <name>Atlanta</name>
    <styleUrl>#cityStyle</styleUrl>
    <description>Date: 11-Oct-14 | Miles: None</description>
    <Point><coordinates>-84.3898151,33.7544657,0.0</coordinates></Point>
  </Placemark>

  <Placemark>
    <name>Austin</name>
    <styleUrl>#cityStyle</styleUrl>
    <description>Date: 14-Oct-14 | Miles: None</description>
    <Point><coordinates>-97.73393515,30.2851494,0.0</coordinates></Point>
  </Placemark>

  <Placemark>
    <name>Austin</name>
    <styleUrl>#cityStyle</styleUrl>
    <description>Date: 14-Oct-14 | Miles: None</description>
    <Point><coordinates>-97.73393515,30.2851494,0.0</coordinates></Point>
  </Placemark>

  <Placemark>
    <name>Leeds</name>
    <styleUrl>#cityStyle</styleUrl>
    <description>Date: 27-Oct-14 | Miles: None</description>
    <Point><coordinates>-1.555110999,53.8057925,0.0</coordinates></Point>
  </Placemark>

  <Placemark>
    <name>Leeds</name>
    <styleUrl>#cityStyle</styleUrl>
    <description>Date: 27-Oct-14 | Miles: None</description>
    <Point><coordinates>-1.555110999,53.8057925,0.0</coordinates></Point>
  </Placemark>

  <Placemark>
    <name>Leeds</name>
    <styleUrl>#cityStyle</styleUrl>
    <description>Date: 28-Nov-14 | Miles: None</description>
    <Point><coordinates>-1.555110999,53.8057925,0.0</coordinates></Point>
  </Placemark>

  <Placemark>
    <name>Leeds</name>
    <styleUrl>#cityStyle</styleUrl>
    <description>Date: 28-Nov-14 | Miles: None</description>
    <Point><coordinates>-1.555110999,53.8057925,0.0</coordinates></Point>
  </Placemark>

  <Placemark>
    <name>Los Angeles</name>
    <styleUrl>#cityStyle</styleUrl>
    <description>Date: 29-Jan-15 | Miles: None</description>
    <Point><coordinates>-118.4468503,34.07087775,0.0</coordinates></Point>
  </Placemark>

  <Placemark>
    <name>Los Angeles</name>
    <styleUrl>#cityStyle</styleUrl>
    <description>Date: 29-Jan-15 | Miles: None</description>
    <Point><coordinates>-118.4468503,34.07087775,0.0</coordinates></Point>
  </Placemark>

  <Placemark>
    <name>Los Angeles</name>
    <styleUrl>#cityStyle</styleUrl>
    <description>Date: 02-Feb-15 | Miles: None</description>
    <Point><coordinates>-118.4468503,34.07087775,0.0</coordinates></Point>
  </Placemark>

  <Placemark>
    <name>Los Angeles</name>
    <styleUrl>#cityStyle</styleUrl>
    <description>Date: 02-Feb-15 | Miles: None</description>
    <Point><coordinates>-118.4468503,34.07087775,0.0</coordinates></Point>
  </Placemark>

  <Placemark>
    <name>Paris</name>
    <styleUrl>#cityStyle</styleUrl>
    <description>Date: 02-Feb-15 | Miles: None</description>
    <Point><coordinates>2.336525398,48.8365091,0.0</coordinates></Point>
  </Placemark>

  <Placemark>
    <name>Paris</name>
    <styleUrl>#cityStyle</styleUrl>
    <description>Date: 02-Feb-15 | Miles: None</description>
    <Point><coordinates>2.336525398,48.8365091,0.0</coordinates></Point>
  </Placemark>

  <Placemark>
    <name>Leeds</name>
    <styleUrl>#cityStyle</styleUrl>
    <description>Date: 03-Feb-15 | Miles: None</description>
    <Point><coordinates>-1.555110999,53.8057925,0.0</coordinates></Point>
  </Placemark>

  <Placemark>
    <name>Leeds</name>
    <styleUrl>#cityStyle</styleUrl>
    <description>Date: 03-Feb-15 | Miles: None</description>
    <Point><coordinates>-1.555110999,53.8057925,0.0</coordinates></Point>
  </Placemark>

  <Placemark>
    <name>Los Angeles</name>
    <styleUrl>#cityStyle</styleUrl>
    <description>Date: 15-Apr-15 | Miles: None</description>
    <Point><coordinates>-118.4468503,34.07087775,0.0</coordinates></Point>
  </Placemark>

  <Placemark>
    <name>Los Angeles</name>
    <styleUrl>#cityStyle</styleUrl>
    <description>Date: 15-Apr-15 | Miles: None</description>
    <Point><coordinates>-118.4468503,34.07087775,0.0</coordinates></Point>
  </Placemark>

  <Placemark>
    <name>Leeds</name>
    <styleUrl>#cityStyle</styleUrl>
    <description>Date: 21-Apr-15 | Miles: None</description>
    <Point><coordinates>-1.555110999,53.8057925,0.0</coordinates></Point>
  </Placemark>

  <Placemark>
    <name>Leeds</name>
    <styleUrl>#cityStyle</styleUrl>
    <description>Date: 21-Apr-15 | Miles: None</description>
    <Point><coordinates>-1.555110999,53.8057925,0.0</coordinates></Point>
  </Placemark>

  <Placemark>
    <name>Dublin</name>
    <styleUrl>#cityStyle</styleUrl>
    <description>Date: 22-Jun-15 | Miles: None</description>
    <Point><coordinates>-6.247274062,53.42829155,0.0</coordinates></Point>
  </Placemark>

  <Placemark>
    <name>Dublin</name>
    <styleUrl>#cityStyle</styleUrl>
    <description>Date: 22-Jun-15 | Miles: None</description>
    <Point><coordinates>-6.247274062,53.42829155,0.0</coordinates></Point>
  </Placemark>

  <Placemark>
    <name>Los Angeles</name>
    <styleUrl>#cityStyle</styleUrl>
    <description>Date: 23-Jun-15 | Miles: None</description>
    <Point><coordinates>-118.4468503,34.07087775,0.0</coordinates></Point>
  </Placemark>

  <Placemark>
    <name>Los Angeles</name>
    <styleUrl>#cityStyle</styleUrl>
    <description>Date: 23-Jun-15 | Miles: None</description>
    <Point><coordinates>-118.4468503,34.07087775,0.0</coordinates></Point>
  </Placemark>

  <Placemark>
    <name>Los Angeles</name>
    <styleUrl>#cityStyle</styleUrl>
    <description>Date: 27-Aug-15 | Miles: None</description>
    <Point><coordinates>-118.4468503,34.07087775,0.0</coordinates></Point>
  </Placemark>

  <Placemark>
    <name>Los Angeles</name>
    <styleUrl>#cityStyle</styleUrl>
    <description>Date: 27-Aug-15 | Miles: None</description>
    <Point><coordinates>-118.4468503,34.07087775,0.0</coordinates></Point>
  </Placemark>

  <Placemark>
    <name>Paris</name>
    <styleUrl>#cityStyle</styleUrl>
    <description>Date: 27-Aug-15 | Miles: None</description>
    <Point><coordinates>2.336525398,48.8365091,0.0</coordinates></Point>
  </Placemark>

  <Placemark>
    <name>Paris</name>
    <styleUrl>#cityStyle</styleUrl>
    <description>Date: 27-Aug-15 | Miles: None</description>
    <Point><coordinates>2.336525398,48.8365091,0.0</coordinates></Point>
  </Placemark>

  <Placemark>
    <name>Leeds</name>
    <styleUrl>#cityStyle</styleUrl>
    <description>Date: 07-Sep-15 | Miles: None</description>
    <Point><coordinates>-1.555110999,53.8057925,0.0</coordinates></Point>
  </Placemark>

  <Placemark>
    <name>Leeds</name>
    <styleUrl>#cityStyle</styleUrl>
    <description>Date: 07-Sep-15 | Miles: None</description>
    <Point><coordinates>-1.555110999,53.8057925,0.0</coordinates></Point>
  </Placemark>

  <Placemark>
    <name>London</name>
    <styleUrl>#cityStyle</styleUrl>
    <description>Date: 16-Sep-15 | Miles: None</description>
    <Point><coordinates>-0.0919983,51.5156177,0.0</coordinates></Point>
  </Placemark>

  <Placemark>
    <name>London</name>
    <styleUrl>#cityStyle</styleUrl>
    <description>Date: 16-Sep-15 | Miles: None</description>
    <Point><coordinates>-0.0919983,51.5156177,0.0</coordinates></Point>
  </Placemark>

  <Placemark>
    <name>Los Angeles</name>
    <styleUrl>#cityStyle</styleUrl>
    <description>Date: 25-Sep-15 | Miles: None</description>
    <Point><coordinates>-118.4468503,34.07087775,0.0</coordinates></Point>
  </Placemark>

  <Placemark>
    <name>Los Angeles</name>
    <styleUrl>#cityStyle</styleUrl>
    <description>Date: 25-Sep-15 | Miles: None</description>
    <Point><coordinates>-118.4468503,34.07087775,0.0</coordinates></Point>
  </Placemark>

  <Placemark>
    <name>Leeds</name>
    <styleUrl>#cityStyle</styleUrl>
    <description>Date: 29-Sep-15 | Miles: None</description>
    <Point><coordinates>-1.555110999,53.8057925,0.0</coordinates></Point>
  </Placemark>

  <Placemark>
    <name>Leeds</name>
    <styleUrl>#cityStyle</styleUrl>
    <description>Date: 29-Sep-15 | Miles: None</description>
    <Point><coordinates>-1.555110999,53.8057925,0.0</coordinates></Point>
  </Placemark>

  <Placemark>
    <name>Los Angeles</name>
    <styleUrl>#cityStyle</styleUrl>
    <description>Date: 28-Jan-16 | Miles: None</description>
    <Point><coordinates>-118.4468503,34.07087775,0.0</coordinates></Point>
  </Placemark>

  <Placemark>
    <name>Los Angeles</name>
    <styleUrl>#cityStyle</styleUrl>
    <description>Date: 28-Jan-16 | Miles: None</description>
    <Point><coordinates>-118.4468503,34.07087775,0.0</coordinates></Point>
  </Placemark>

  <Placemark>
    <name>Paris</name>
    <styleUrl>#cityStyle</styleUrl>
    <description>Date: 31-Jan-16 | Miles: None</description>
    <Point><coordinates>2.336525398,48.8365091,0.0</coordinates></Point>
  </Placemark>

  <Placemark>
    <name>Paris</name>
    <styleUrl>#cityStyle</styleUrl>
    <description>Date: 31-Jan-16 | Miles: None</description>
    <Point><coordinates>2.336525398,48.8365091,0.0</coordinates></Point>
  </Placemark>

  <Placemark>
    <name>Leeds</name>
    <styleUrl>#cityStyle</styleUrl>
    <description>Date: 01-Feb-16 | Miles: None</description>
    <Point><coordinates>-1.555110999,53.8057925,0.0</coordinates></Point>
  </Placemark>

  <Placemark>
    <name>Leeds</name>
    <styleUrl>#cityStyle</styleUrl>
    <description>Date: 01-Feb-16 | Miles: None</description>
    <Point><coordinates>-1.555110999,53.8057925,0.0</coordinates></Point>
  </Placemark>

  <Placemark>
    <name>NY NY</name>
    <styleUrl>#cityStyle</styleUrl>
    <description>Date: 13-Apr-16 | Miles: None</description>
    <Point><coordinates>-73.99501481,40.7292053,0.0</coordinates></Point>
  </Placemark>

  <Placemark>
    <name>NY NY</name>
    <styleUrl>#cityStyle</styleUrl>
    <description>Date: 13-Apr-16 | Miles: None</description>
    <Point><coordinates>-73.99501481,40.7292053,0.0</coordinates></Point>
  </Placemark>

  <Placemark>
    <name>London</name>
    <styleUrl>#cityStyle</styleUrl>
    <description>Date: 13-Apr-16 | Miles: None</description>
    <Point><coordinates>-0.0919983,51.5156177,0.0</coordinates></Point>
  </Placemark>

  <Placemark>
    <name>London</name>
    <styleUrl>#cityStyle</styleUrl>
    <description>Date: 13-Apr-16 | Miles: None</description>
    <Point><coordinates>-0.0919983,51.5156177,0.0</coordinates></Point>
  </Placemark>

  <Placemark>
    <name>NY NY</name>
    <styleUrl>#cityStyle</styleUrl>
    <description>Date: 15-Apr-16 | Miles: None</description>
    <Point><coordinates>-73.99501481,40.7292053,0.0</coordinates></Point>
  </Placemark>

  <Placemark>
    <name>NY NY</name>
    <styleUrl>#cityStyle</styleUrl>
    <description>Date: 15-Apr-16 | Miles: None</description>
    <Point><coordinates>-73.99501481,40.7292053,0.0</coordinates></Point>
  </Placemark>

  <Placemark>
    <name>NY NY</name>
    <styleUrl>#cityStyle</styleUrl>
    <description>Date: 15-Apr-16 | Miles: None</description>
    <Point><coordinates>-73.99501481,40.7292053,0.0</coordinates></Point>
  </Placemark>

  <Placemark>
    <name>NY NY</name>
    <styleUrl>#cityStyle</styleUrl>
    <description>Date: 15-Apr-16 | Miles: None</description>
    <Point><coordinates>-73.99501481,40.7292053,0.0</coordinates></Point>
  </Placemark>

  <Placemark>
    <name>NY NY</name>
    <styleUrl>#cityStyle</styleUrl>
    <description>Date: 18-Apr-16 | Miles: None</description>
    <Point><coordinates>-73.99501481,40.7292053,0.0</coordinates></Point>
  </Placemark>

  <Placemark>
    <name>NY NY</name>
    <styleUrl>#cityStyle</styleUrl>
    <description>Date: 18-Apr-16 | Miles: None</description>
    <Point><coordinates>-73.99501481,40.7292053,0.0</coordinates></Point>
  </Placemark>

  <Placemark>
    <name>London</name>
    <styleUrl>#cityStyle</styleUrl>
    <description>Date: 19-Apr-16 | Miles: None</description>
    <Point><coordinates>-0.0919983,51.5156177,0.0</coordinates></Point>
  </Placemark>

  <Placemark>
    <name>London</name>
    <styleUrl>#cityStyle</styleUrl>
    <description>Date: 19-Apr-16 | Miles: None</description>
    <Point><coordinates>-0.0919983,51.5156177,0.0</coordinates></Point>
  </Placemark>

  <Placemark>
    <name>Los Angeles</name>
    <styleUrl>#cityStyle</styleUrl>
    <description>Date: 08-Nov-17 | Miles: None</description>
    <Point><coordinates>-118.4468503,34.07087775,0.0</coordinates></Point>
  </Placemark>

  <Placemark>
    <name>Los Angeles</name>
    <styleUrl>#cityStyle</styleUrl>
    <description>Date: 08-Nov-17 | Miles: None</description>
    <Point><coordinates>-118.4468503,34.07087775,0.0</coordinates></Point>
  </Placemark>

  <Placemark>
    <name>Leeds</name>
    <styleUrl>#cityStyle</styleUrl>
    <description>Date: 15-Nov-17 | Miles: None</description>
    <Point><coordinates>-1.555110999,53.8057925,0.0</coordinates></Point>
  </Placemark>

  <Placemark>
    <name>Leeds</name>
    <styleUrl>#cityStyle</styleUrl>
    <description>Date: 15-Nov-17 | Miles: None</description>
    <Point><coordinates>-1.555110999,53.8057925,0.0</coordinates></Point>
  </Placemark>

  <Placemark>
    <name>London</name>
    <styleUrl>#cityStyle</styleUrl>
    <description>Date: 02-Sep-18 | Miles: None</description>
    <Point><coordinates>-0.0919983,51.5156177,0.0</coordinates></Point>
  </Placemark>

  <Placemark>
    <name>London</name>
    <styleUrl>#cityStyle</styleUrl>
    <description>Date: 02-Sep-18 | Miles: None</description>
    <Point><coordinates>-0.0919983,51.5156177,0.0</coordinates></Point>
  </Placemark>

  <Placemark>
    <name>London</name>
    <styleUrl>#cityStyle</styleUrl>
    <description>Date: 07-Nov-18 | Miles: None</description>
    <Point><coordinates>-0.0919983,51.5156177,0.0</coordinates></Point>
  </Placemark>

  <Placemark>
    <name>London</name>
    <styleUrl>#cityStyle</styleUrl>
    <description>Date: 07-Nov-18 | Miles: None</description>
    <Point><coordinates>-0.0919983,51.5156177,0.0</coordinates></Point>
  </Placemark>

  <Placemark>
    <name>Leeds</name>
    <styleUrl>#cityStyle</styleUrl>
    <description>Date: 13-Nov-18 | Miles: None</description>
    <Point><coordinates>-1.555110999,53.8057925,0.0</coordinates></Point>
  </Placemark>

  <Placemark>
    <name>Leeds</name>
    <styleUrl>#cityStyle</styleUrl>
    <description>Date: 13-Nov-18 | Miles: None</description>
    <Point><coordinates>-1.555110999,53.8057925,0.0</coordinates></Point>
  </Placemark>

  <Placemark>
    <name>London</name>
    <styleUrl>#cityStyle</styleUrl>
    <description>Date: 10-Jan-21 | Miles: None</description>
    <Point><coordinates>-0.0919983,51.5156177,0.0</coordinates></Point>
  </Placemark>

  <Placemark>
    <name>London</name>
    <styleUrl>#cityStyle</styleUrl>
    <description>Date: 10-Jan-21 | Miles: None</description>
    <Point><coordinates>-0.0919983,51.5156177,0.0</coordinates></Point>
  </Placemark>

  <Placemark>
    <name>Leeds</name>
    <styleUrl>#cityStyle</styleUrl>
    <description>Date: 11-Jan-21 | Miles: None</description>
    <Point><coordinates>-1.555110999,53.8057925,0.0</coordinates></Point>
  </Placemark>

  <Placemark>
    <name>Leeds</name>
    <styleUrl>#cityStyle</styleUrl>
    <description>Date: 11-Jan-21 | Miles: None</description>
    <Point><coordinates>-1.555110999,53.8057925,0.0</coordinates></Point>
  </Placemark>

  <Placemark>
    <name>London</name>
    <styleUrl>#cityStyle</styleUrl>
    <description>Date: 15-Nov-21 | Miles: None</description>
    <Point><coordinates>-0.0919983,51.5156177,0.0</coordinates></Point>
  </Placemark>

  <Placemark>
    <name>London</name>
    <styleUrl>#cityStyle</styleUrl>
    <description>Date: 15-Nov-21 | Miles: None</description>
    <Point><coordinates>-0.0919983,51.5156177,0.0</coordinates></Point>
  </Placemark>

  <Placemark>
    <name>Leeds</name>
    <styleUrl>#cityStyle</styleUrl>
    <description>Date: 17-Nov-21 | Miles: None</description>
    <Point><coordinates>-1.555110999,53.8057925,0.0</coordinates></Point>
  </Placemark>

  <Placemark>
    <name>Leeds</name>
    <styleUrl>#cityStyle</styleUrl>
    <description>Date: 17-Nov-21 | Miles: None</description>
    <Point><coordinates>-1.555110999,53.8057925,0.0</coordinates></Point>
  </Placemark>

  <Placemark>
    <name>London Leeds</name>
    <styleUrl>#cityStyle</styleUrl>
    <description>Date: 15-Feb-24 | Miles: None</description>
    <Point><coordinates>-0.0919983,51.5156177,0.0</coordinates></Point>
  </Placemark>

  <Placemark>
    <name>London Leeds</name>
    <styleUrl>#cityStyle</styleUrl>
    <description>Date: 15-Feb-24 | Miles: None</description>
    <Point><coordinates>-0.0919983,51.5156177,0.0</coordinates></Point>
  </Placemark>

  <Placemark>
    <name>Leeds</name>
    <styleUrl>#cityStyle</styleUrl>
    <description>Date: Saturday, 5 October 2013 | Miles: None</description>
    <Point><coordinates>-1.555110999,53.8057925,0.0</coordinates></Point>
  </Placemark>

  <Placemark>
    <name>Leeds</name>
    <styleUrl>#cityStyle</styleUrl>
    <description>Date: Saturday, 5 October 2013 | Miles: None</description>
    <Point><coordinates>-1.555110999,53.8057925,0.0</coordinates></Point>
  </Placemark>

  <Placemark>
    <name>City Route</name>
    <styleUrl>#cityLine</styleUrl>
    <LineString><tessellate>1</tessellate>
      <coordinates>2.973183931,53.39731755,0.0 2.973183931,53.39731755,0.0 2.973183931,53.39731755,0.0 2.973183931,53.39731755,0.0 -1.555110999,53.8057925,0.0 -1.555110999,53.8057925,0.0 -3.1791934,51.4816546,0.0 -3.1791934,51.4816546,0.0 -1.555110999,53.8057925,0.0 -1.555110999,53.8057925,0.0 -1.378846357,53.86572585,0.0 -1.378846357,53.86572585,0.0 2.973183931,53.39731755,0.0 2.973183931,53.39731755,0.0 2.973183931,53.39731755,0.0 2.973183931,53.39731755,0.0 -1.555110999,53.8057925,0.0 -1.555110999,53.8057925,0.0 -3.1791934,51.4816546,0.0 -3.1791934,51.4816546,0.0 -3.1791934,51.4816546,0.0 -3.1791934,51.4816546,0.0 -1.555110999,53.8057925,0.0 -1.555110999,53.8057925,0.0 -1.1496461,52.9534193,0.0 -1.1496461,52.9534193,0.0 -1.555110999,53.8057925,0.0 -1.555110999,53.8057925,0.0 -6.247274062,53.42829155,0.0 -6.247274062,53.42829155,0.0 -0.0919983,51.5156177,0.0 -0.0919983,51.5156177,0.0 -1.555110999,53.8057925,0.0 -1.555110999,53.8057925,0.0 -0.0919983,51.5156177,0.0 -0.0919983,51.5156177,0.0 -0.0919983,51.5156177,0.0 -0.0919983,51.5156177,0.0 -0.0919983,51.5156177,0.0 -0.0919983,51.5156177,0.0 -0.0919983,51.5156177,0.0 -0.0919983,51.5156177,0.0 -0.0919983,51.5156177,0.0 -0.0919983,51.5156177,0.0 -0.0919983,51.5156177,0.0 -0.0919983,51.5156177,0.0 -1.555110999,53.8057925,0.0 -1.555110999,53.8057925,0.0 -0.0919983,51.5156177,0.0 -0.0919983,51.5156177,0.0 -0.0919983,51.5156177,0.0 -0.0919983,51.5156177,0.0 -0.0919983,51.5156177,0.0 -0.0919983,51.5156177,0.0 -1.555110999,53.8057925,0.0 -1.555110999,53.8057925,0.0 -1.555110999,53.8057925,0.0 -1.555110999,53.8057925,0.0 -0.0919983,51.5156177,0.0 -0.0919983,51.5156177,0.0 -0.138727619,50.82243585,0.0 -0.138727619,50.82243585,0.0 -0.138727619,50.82243585,0.0 -0.138727619,50.82243585,0.0 -0.0919983,51.5156177,0.0 -0.0919983,51.5156177,0.0 -1.555110999,53.8057925,0.0 -1.555110999,53.8057925,0.0 -1.4702278,53.3806626,0.0 -1.4702278,53.3806626,0.0 -1.4702278,53.3806626,0.0 -1.4702278,53.3806626,0.0 -1.555110999,53.8057925,0.0 -1.555110999,53.8057925,0.0 -1.1496461,52.9534193,0.0 -1.1496461,52.9534193,0.0 -6.247274062,53.42829155,0.0 -6.247274062,53.42829155,0.0 -1.555110999,53.8057925,0.0 -1.555110999,53.8057925,0.0 2.177073,41.3825802,0.0 2.177073,41.3825802,0.0 -3.7035825,40.4167047,0.0 -3.7035825,40.4167047,0.0 -2.9350039,43.2630018,0.0 -2.9350039,43.2630018,0.0 2.336525398,48.8365091,0.0 2.336525398,48.8365091,0.0 -3.1791934,51.4816546,0.0 -3.1791934,51.4816546,0.0 -3.1791934,51.4816546,0.0 -3.1791934,51.4816546,0.0 -1.555110999,53.8057925,0.0 -1.555110999,53.8057925,0.0 -1.096896755,50.79144385,0.0 -1.096896755,50.79144385,0.0 -1.555110999,53.8057925,0.0 -1.555110999,53.8057925,0.0 -1.555110999,53.8057925,0.0 -1.555110999,53.8057925,0.0 -1.6131572,54.9738474,0.0 -1.6131572,54.9738474,0.0 -1.6131572,54.9738474,0.0 -1.6131572,54.9738474,0.0 -0.0919983,51.5156177,0.0 -0.0919983,51.5156177,0.0 -0.0919983,51.5156177,0.0 -0.0919983,51.5156177,0.0 -0.0919983,51.5156177,0.0 -0.0919983,51.5156177,0.0 -5.9301829,54.596391,0.0 -5.9301829,54.596391,0.0 -6.247274062,53.42829155,0.0 -6.247274062,53.42829155,0.0 -1.555110999,53.8057925,0.0 -1.555110999,53.8057925,0.0 -1.096896755,50.79144385,0.0 -1.096896755,50.79144385,0.0 -0.0919983,51.5156177,0.0 -0.0919983,51.5156177,0.0 -0.0919983,51.5156177,0.0 -0.0919983,51.5156177,0.0 -0.0919983,51.5156177,0.0 -0.0919983,51.5156177,0.0 -1.555110999,53.8057925,0.0 -1.555110999,53.8057925,0.0 -5.9301829,54.596391,0.0 -5.9301829,54.596391,0.0 -6.247274062,53.42829155,0.0 -6.247274062,53.42829155,0.0 -117.1543311,32.71979425,0.0 -117.1543311,32.71979425,0.0 -2.9350039,43.2630018,0.0 -2.9350039,43.2630018,0.0 -2.9350039,43.2630018,0.0 -2.9350039,43.2630018,0.0 -2.9350039,43.2630018,0.0 -2.9350039,43.2630018,0.0 -0.0919983,51.5156177,0.0 -0.0919983,51.5156177,0.0 -1.555110999,53.8057925,0.0 -1.555110999,53.8057925,0.0 -93.22092805,44.87801905,0.0 -93.22092805,44.87801905,0.0 -93.22092805,44.87801905,0.0 -93.22092805,44.87801905,0.0 -73.99501481,40.7292053,0.0 -73.99501481,40.7292053,0.0 -78.8783922,42.8867166,0.0 -78.8783922,42.8867166,0.0 -78.8783922,42.8867166,0.0 -78.8783922,42.8867166,0.0 -71.03871321,42.314068,0.0 -71.03871321,42.314068,0.0 139.0365062,37.9163757,0.0 139.0365062,37.9163757,0.0 -73.99501481,40.7292053,0.0 -73.99501481,40.7292053,0.0 -73.99501481,40.7292053,0.0 -73.99501481,40.7292053,0.0 -118.3090574,34.1015578,0.0 -118.3090574,34.1015578,0.0 0.4730532,51.7345329,0.0 0.4730532,51.7345329,0.0 -2.1477653,52.9033037,0.0 -2.1477653,52.9033037,0.0 -5.0848836,50.4134414,0.0 -5.0848836,50.4134414,0.0 -2.6318629,50.9420451,0.0 -2.6318629,50.9420451,0.0 -1.5272754,53.8969152,0.0 -1.5272754,53.8969152,0.0 -105.191099,39.6535988,0.0 -105.191099,39.6535988,0.0 -0.0919983,51.5156177,0.0 -0.0919983,51.5156177,0.0 -0.0919983,51.5156177,0.0 -0.0919983,51.5156177,0.0 -0.0919983,51.5156177,0.0 -0.0919983,51.5156177,0.0 -73.99501481,40.7292053,0.0 -73.99501481,40.7292053,0.0 -110.9753399,32.28915675,0.0 -110.9753399,32.28915675,0.0 -110.9753399,32.28915675,0.0 -110.9753399,32.28915675,0.0 -97.73393515,30.2851494,0.0 -97.73393515,30.2851494,0.0 -112.074141,33.4484367,0.0 -112.074141,33.4484367,0.0 -106.650985,35.0841034,0.0 -106.650985,35.0841034,0.0 -97.73393515,30.2851494,0.0 -97.73393515,30.2851494,0.0 -106.650985,35.0841034,0.0 -106.650985,35.0841034,0.0 -97.73393515,30.2851494,0.0 -97.73393515,30.2851494,0.0 -80.1135854,26.13697285,0.0 -80.1135854,26.13697285,0.0 -81.3790304,28.5421109,0.0 -81.3790304,28.5421109,0.0 -84.3898151,33.7544657,0.0 -84.3898151,33.7544657,0.0 -83.40820313,33.96158629,0.0 -83.40820313,33.96158629,0.0 -79.05578,35.9131542,0.0 -79.05578,35.9131542,0.0 -75.16298929,39.9527237,0.0 -75.16298929,39.9527237,0.0 -71.03871321,42.314068,0.0 -71.03871321,42.314068,0.0 -77.0365427,38.8950368,0.0 -77.0365427,38.8950368,0.0 -73.9929257,40.7030828,0.0 -73.9929257,40.7030828,0.0 -73.99501481,40.7292053,0.0 -73.99501481,40.7292053,0.0 -79.39775966,43.663462,0.0 -79.39775966,43.663462,0.0 -104.6853673,39.8606676,0.0 -104.6853673,39.8606676,0.0 -81.6895833,41.5006085,0.0 -81.6895833,41.5006085,0.0 -83.0466403,42.3315509,0.0 -83.0466403,42.3315509,0.0 -87.6244212,41.8755616,0.0 -87.6244212,41.8755616,0.0 -89.3837613,43.074761,0.0 -89.3837613,43.074761,0.0 -94.6113288,45.9896587,0.0 -94.6113288,45.9896587,0.0 -104.6853673,39.8606676,0.0 -104.6853673,39.8606676,0.0 -111.9798985,40.7900661,0.0 -111.9798985,40.7900661,0.0 -123.113952,49.2608724,0.0 -123.113952,49.2608724,0.0 -123.113952,49.2608724,0.0 -123.113952,49.2608724,0.0 -1.555110999,53.8057925,0.0 -1.555110999,53.8057925,0.0 -122.3187983,47.60950425,0.0 -122.3187983,47.60950425,0.0 -122.7422707,45.4254201,0.0 -122.7422707,45.4254201,0.0 -123.0935148,44.04827765,0.0 -123.0935148,44.04827765,0.0 -118.4468503,34.07087775,0.0 -118.4468503,34.07087775,0.0 115.146357,36.1716997,0.0 115.146357,36.1716997,0.0 -122.3558473,37.7884969,0.0 -122.3558473,37.7884969,0.0 -123.0935148,44.04827765,0.0 -123.0935148,44.04827765,0.0 -118.4468503,34.07087775,0.0 -118.4468503,34.07087775,0.0 -118.4468503,34.07087775,0.0 -118.4468503,34.07087775,0.0 -119.8126581,39.5261206,0.0 -119.8126581,39.5261206,0.0 -120.6650418,35.28075015,0.0 -120.6650418,35.28075015,0.0 -122.3558473,37.7884969,0.0 -122.3558473,37.7884969,0.0 -121.493895,38.5810606,0.0 -121.493895,38.5810606,0.0 -118.4468503,34.07087775,0.0 -118.4468503,34.07087775,0.0 -104.6853673,39.8606676,0.0 -104.6853673,39.8606676,0.0 -73.99501481,40.7292053,0.0 -73.99501481,40.7292053,0.0 -73.5698065,45.5031824,0.0 -73.5698065,45.5031824,0.0 -73.5698065,45.5031824,0.0 -73.5698065,45.5031824,0.0 -0.0919983,51.5156177,0.0 -0.0919983,51.5156177,0.0 -0.0919983,51.5156177,0.0 -0.0919983,51.5156177,0.0 -3.7035825,40.4167047,0.0 -3.7035825,40.4167047,0.0 -3.7035825,40.4167047,0.0 -3.7035825,40.4167047,0.0 2.177073,41.3825802,0.0 2.177073,41.3825802,0.0 2.177073,41.3825802,0.0 2.177073,41.3825802,0.0 -0.0919983,51.5156177,0.0 -0.0919983,51.5156177,0.0 -118.4468503,34.07087775,0.0 -118.4468503,34.07087775,0.0 -112.074141,33.4484367,0.0 -112.074141,33.4484367,0.0 -111.926018,33.4942189,0.0 -111.926018,33.4942189,0.0 -118.4468503,34.07087775,0.0 -118.4468503,34.07087775,0.0 -75.16298929,39.9527237,0.0 -75.16298929,39.9527237,0.0 -2.233085819,53.46602255,0.0 -2.233085819,53.46602255,0.0 -119.84581,34.41460245,0.0 -119.84581,34.41460245,0.0 -118.4468503,34.07087775,0.0 -118.4468503,34.07087775,0.0 34.00889605,34.00889605,0.0 34.00889605,34.00889605,0.0 -0.0919983,51.5156177,0.0 -0.0919983,51.5156177,0.0 -1.555110999,53.8057925,0.0 -1.555110999,53.8057925,0.0 -4.8379791,39.3260685,0.0 -4.8379791,39.3260685,0.0 -2.9350039,43.2630018,0.0 -2.9350039,43.2630018,0.0 -4.8379791,39.3260685,0.0 -4.8379791,39.3260685,0.0 -1.555110999,53.8057925,0.0 -1.555110999,53.8057925,0.0 -4.8379791,39.3260685,0.0 -4.8379791,39.3260685,0.0 2.177073,41.3825802,0.0 2.177073,41.3825802,0.0 -1.555110999,53.8057925,0.0 -1.555110999,53.8057925,0.0 -0.0919983,51.5156177,0.0 -0.0919983,51.5156177,0.0 -122.3558473,37.7884969,0.0 -122.3558473,37.7884969,0.0 -122.3558473,37.7884969,0.0 -122.3558473,37.7884969,0.0 -97.73393515,30.2851494,0.0 -97.73393515,30.2851494,0.0 -104.6853673,39.8606676,0.0 -104.6853673,39.8606676,0.0 -118.4468503,34.07087775,0.0 -118.4468503,34.07087775,0.0 -118.4468503,34.07087775,0.0 -118.4468503,34.07087775,0.0 -118.4468503,34.07087775,0.0 -118.4468503,34.07087775,0.0 -122.3558473,37.7884969,0.0 -122.3558473,37.7884969,0.0 -122.3558473,37.7884969,0.0 -122.3558473,37.7884969,0.0 -122.3558473,37.7884969,0.0 -122.3558473,37.7884969,0.0 -122.3558473,37.7884969,0.0 -122.3558473,37.7884969,0.0 -0.0919983,51.5156177,0.0 -0.0919983,51.5156177,0.0 2.177073,41.3825802,0.0 2.177073,41.3825802,0.0 -1.555110999,53.8057925,0.0 -1.555110999,53.8057925,0.0 2.177073,41.3825802,0.0 2.177073,41.3825802,0.0 2.177073,41.3825802,0.0 2.177073,41.3825802,0.0 -1.555110999,53.8057925,0.0 -1.555110999,53.8057925,0.0 -118.4468503,34.07087775,0.0 -118.4468503,34.07087775,0.0 -0.0919983,51.5156177,0.0 -0.0919983,51.5156177,0.0 -0.0919983,51.5156177,0.0 -0.0919983,51.5156177,0.0 -83.0466403,42.3315509,0.0 -83.0466403,42.3315509,0.0 -118.4468503,34.07087775,0.0 -118.4468503,34.07087775,0.0 -0.0919983,51.5156177,0.0 -0.0919983,51.5156177,0.0 -0.0919983,51.5156177,0.0 -0.0919983,51.5156177,0.0 -1.555110999,53.8057925,0.0 -1.555110999,53.8057925,0.0 -1.096896755,50.79144385,0.0 -1.096896755,50.79144385,0.0 -97.73393515,30.2851494,0.0 -97.73393515,30.2851494,0.0 -95.3676974,29.7589382,0.0 -95.3676974,29.7589382,0.0 -118.4468503,34.07087775,0.0 -118.4468503,34.07087775,0.0 -118.4468503,34.07087775,0.0 -118.4468503,34.07087775,0.0 -95.3676974,29.7589382,0.0 -95.3676974,29.7589382,0.0 -97.73393515,30.2851494,0.0 -97.73393515,30.2851494,0.0 -97.73393515,30.2851494,0.0 -97.73393515,30.2851494,0.0 -97.73393515,30.2851494,0.0 -97.73393515,30.2851494,0.0 -97.73393515,30.2851494,0.0 -97.73393515,30.2851494,0.0 -97.73393515,30.2851494,0.0 -97.73393515,30.2851494,0.0 -97.73393515,30.2851494,0.0 -97.73393515,30.2851494,0.0 -97.73393515,30.2851494,0.0 -97.73393515,30.2851494,0.0 -118.4468503,34.07087775,0.0 -118.4468503,34.07087775,0.0 -117.1543311,32.71979425,0.0 -117.1543311,32.71979425,0.0 -97.73393515,30.2851494,0.0 -97.73393515,30.2851494,0.0 -104.6853673,39.8606676,0.0 -104.6853673,39.8606676,0.0 -116.540303,33.8246269,0.0 -116.540303,33.8246269,0.0 -80.8430827,35.2272086,0.0 -80.8430827,35.2272086,0.0 -74.191401,39.938948,0.0 -74.191401,39.938948,0.0 -2.233085819,53.46602255,0.0 -2.233085819,53.46602255,0.0 -2.233085819,53.46602255,0.0 -2.233085819,53.46602255,0.0 -1.555110999,53.8057925,0.0 -1.555110999,53.8057925,0.0 -0.3763353,39.4697065,0.0 -0.3763353,39.4697065,0.0 -3.7035825,40.4167047,0.0 -3.7035825,40.4167047,0.0 2.177073,41.3825802,0.0 2.177073,41.3825802,0.0 8.9338624,44.40726,0.0 8.9338624,44.40726,0.0 -2.9350039,43.2630018,0.0 -2.9350039,43.2630018,0.0 -0.3763353,39.4697065,0.0 -0.3763353,39.4697065,0.0 13.3989367,52.510885,0.0 13.3989367,52.510885,0.0 -2.9350039,43.2630018,0.0 -2.9350039,43.2630018,0.0 -2.670217196,42.8521528,0.0 -2.670217196,42.8521528,0.0 -2.670217196,42.8521528,0.0 -2.670217196,42.8521528,0.0 -0.0919983,51.5156177,0.0 -0.0919983,51.5156177,0.0 -0.0919983,51.5156177,0.0 -0.0919983,51.5156177,0.0 -0.138727619,50.82243585,0.0 -0.138727619,50.82243585,0.0 -1.555110999,53.8057925,0.0 -1.555110999,53.8057925,0.0 -0.0919983,51.5156177,0.0 -0.0919983,51.5156177,0.0 -1.555110999,53.8057925,0.0 -1.555110999,53.8057925,0.0 2.973183931,53.39731755,0.0 2.973183931,53.39731755,0.0 8.6820917,50.1106444,0.0 8.6820917,50.1106444,0.0 11.05224609,49.45384259,0.0 11.05224609,49.45384259,0.0 11.1214896,49.4324193,0.0 11.1214896,49.4324193,0.0 11.1214896,49.4324193,0.0 11.1214896,49.4324193,0.0 10.9924122,45.4384958,0.0 10.9924122,45.4384958,0.0 9.1896346,45.4641943,0.0 9.1896346,45.4641943,0.0 12.4829321,41.8933203,0.0 12.4829321,41.8933203,0.0 12.5684371,44.0593886,0.0 12.5684371,44.0593886,0.0 2.177073,41.3825802,0.0 2.177073,41.3825802,0.0 8.9338624,44.40726,0.0 8.9338624,44.40726,0.0 9.1896346,45.4641943,0.0 9.1896346,45.4641943,0.0 2.177073,41.3825802,0.0 2.177073,41.3825802,0.0 2.177073,41.3825802,0.0 2.177073,41.3825802,0.0 3.8767337,43.6112422,0.0 3.8767337,43.6112422,0.0 4.359624547,43.8348854,0.0 4.359624547,43.8348854,0.0 4.359624547,43.8348854,0.0 4.359624547,43.8348854,0.0 2.973183931,53.39731755,0.0 2.973183931,53.39731755,0.0 -1.555110999,53.8057925,0.0 -1.555110999,53.8057925,0.0 -2.8704017,54.0723784,0.0 -2.8704017,54.0723784,0.0 -2.8704017,54.0723784,0.0 -2.8704017,54.0723784,0.0 41.1257843,41.1257843,0.0 41.1257843,41.1257843,0.0 -0.0919983,51.5156177,0.0 -0.0919983,51.5156177,0.0 -0.0919983,51.5156177,0.0 -0.0919983,51.5156177,0.0 -1.555110999,53.8057925,0.0 -1.555110999,53.8057925,0.0 13.0001566,55.6052931,0.0 13.0001566,55.6052931,0.0 13.0001566,55.6052931,0.0 13.0001566,55.6052931,0.0 41.1257843,41.1257843,0.0 41.1257843,41.1257843,0.0 29.31180584,40.89433405,0.0 29.31180584,40.89433405,0.0 29.31180584,40.89433405,0.0 29.31180584,40.89433405,0.0 8.5410422,47.3744489,0.0 8.5410422,47.3744489,0.0 7.4399554,46.9489092,0.0 7.4399554,46.9489092,0.0 7.4370123,46.9511697,0.0 7.4370123,46.9511697,0.0 -1.555110999,53.8057925,0.0 -1.555110999,53.8057925,0.0 6.7943015,51.219734,0.0 6.7943015,51.219734,0.0 13.3989367,52.510885,0.0 13.3989367,52.510885,0.0 -2.233085819,53.46602255,0.0 -2.233085819,53.46602255,0.0 13.3989367,52.510885,0.0 13.3989367,52.510885,0.0 14.6279477,52.61626975,0.0 14.6279477,52.61626975,0.0 -0.4881708,38.3436365,0.0 -0.4881708,38.3436365,0.0 -0.4881708,38.3436365,0.0 -0.4881708,38.3436365,0.0 6.7943015,51.219734,0.0 6.7943015,51.219734,0.0 -2.233085819,53.46602255,0.0 -2.233085819,53.46602255,0.0 -1.555110999,53.8057925,0.0 -1.555110999,53.8057925,0.0 -75.16298929,39.9527237,0.0 -75.16298929,39.9527237,0.0 -72.92885493,41.30817315,0.0 -72.92885493,41.30817315,0.0 -93.22092805,44.87801905,0.0 -93.22092805,44.87801905,0.0 -2.233085819,53.46602255,0.0 -2.233085819,53.46602255,0.0 -70.94620785,43.1350987,0.0 -70.94620785,43.1350987,0.0 -74.0120817,40.2203907,0.0 -74.0120817,40.2203907,0.0 -73.99501481,40.7292053,0.0 -73.99501481,40.7292053,0.0 -75.16298929,39.9527237,0.0 -75.16298929,39.9527237,0.0 -71.03871321,42.314068,0.0 -71.03871321,42.314068,0.0 -77.0365427,38.8950368,0.0 -77.0365427,38.8950368,0.0 -76.8776602,40.2621497,0.0 -76.8776602,40.2621497,0.0 -83.0007065,39.9622601,0.0 -83.0007065,39.9622601,0.0 -87.6244212,41.8755616,0.0 -87.6244212,41.8755616,0.0 -93.22092805,44.87801905,0.0 -93.22092805,44.87801905,0.0 -111.9798985,40.7900661,0.0 -111.9798985,40.7900661,0.0 -95.76072666,41.26109005,0.0 -95.76072666,41.26109005,0.0 -95.76072666,41.26109005,0.0 -95.76072666,41.26109005,0.0 -95.88987091,41.3011252,0.0 -95.88987091,41.3011252,0.0 -72.8231552,41.4570418,0.0 -72.8231552,41.4570418,0.0 -87.9090751,43.0386475,0.0 -87.9090751,43.0386475,0.0 -105.016649,39.613321,0.0 -105.016649,39.613321,0.0 -111.9798985,40.7900661,0.0 -111.9798985,40.7900661,0.0 -122.674194,45.5202471,0.0 -122.674194,45.5202471,0.0 -122.409701,45.5294674,0.0 -122.409701,45.5294674,0.0 -122.3558473,37.7884969,0.0 -122.3558473,37.7884969,0.0 -123.113952,49.2608724,0.0 -123.113952,49.2608724,0.0 -122.1238767,47.6694141,0.0 -122.1238767,47.6694141,0.0 -117.0716782,33.3632158,0.0 -117.0716782,33.3632158,0.0 -115.3875749,35.60879275,0.0 -115.3875749,35.60879275,0.0 -118.321652,34.1340991,0.0 -118.321652,34.1340991,0.0 -118.4468503,34.07087775,0.0 -118.4468503,34.07087775,0.0 -97.73393515,30.2851494,0.0 -97.73393515,30.2851494,0.0 -112.074141,33.4484367,0.0 -112.074141,33.4484367,0.0 -79.39775966,43.663462,0.0 -79.39775966,43.663462,0.0 -71.03871321,42.314068,0.0 -71.03871321,42.314068,0.0 -72.64014519,42.35445115,0.0 -72.64014519,42.35445115,0.0 -73.99501481,40.7292053,0.0 -73.99501481,40.7292053,0.0 -75.19467131,39.95039445,0.0 -75.19467131,39.95039445,0.0 -77.0365427,38.8950368,0.0 -77.0365427,38.8950368,0.0 -84.3898151,33.7544657,0.0 -84.3898151,33.7544657,0.0 -80.19362,25.7741728,0.0 -80.19362,25.7741728,0.0 -81.3790304,28.5421109,0.0 -81.3790304,28.5421109,0.0 -80.19362,25.7741728,0.0 -80.19362,25.7741728,0.0 -87.6244212,41.8755616,0.0 -87.6244212,41.8755616,0.0 -94.6113288,45.9896587,0.0 -94.6113288,45.9896587,0.0 -89.43095872,43.08027445,0.0 -89.43095872,43.08027445,0.0 -104.825348,38.8339578,0.0 -104.825348,38.8339578,0.0 -111.9798985,40.7900661,0.0 -111.9798985,40.7900661,0.0 -122.3187983,47.60950425,0.0 -122.3187983,47.60950425,0.0 -122.7422707,45.4254201,0.0 -122.7422707,45.4254201,0.0 -123.113952,49.2608724,0.0 -123.113952,49.2608724,0.0 -118.4468503,34.07087775,0.0 -118.4468503,34.07087775,0.0 -118.4468503,34.07087775,0.0 -118.4468503,34.07087775,0.0 -2.233085819,53.46602255,0.0 -2.233085819,53.46602255,0.0 -2.233085819,53.46602255,0.0 -2.233085819,53.46602255,0.0 -1.555110999,53.8057925,0.0 -1.555110999,53.8057925,0.0 -4.2501687,55.861155,0.0 -4.2501687,55.861155,0.0 -2.233085819,53.46602255,0.0 -2.233085819,53.46602255,0.0 -0.0919983,51.5156177,0.0 -0.0919983,51.5156177,0.0 -2.5972985,51.4538022,0.0 -2.5972985,51.4538022,0.0 -1.096896755,50.79144385,0.0 -1.096896755,50.79144385,0.0 24.94736111,60.32181555,0.0 24.94736111,60.32181555,0.0 22.2232842,60.4347352,0.0 22.2232842,60.4347352,0.0 18.0710935,59.3251172,0.0 18.0710935,59.3251172,0.0 12.5700724,55.6867243,0.0 12.5700724,55.6867243,0.0 9.999823642,53.54335295,0.0 9.999823642,53.54335295,0.0 18.0710935,59.3251172,0.0 18.0710935,59.3251172,0.0 9.999823642,53.54335295,0.0 9.999823642,53.54335295,0.0 9.1896346,45.4641943,0.0 9.1896346,45.4641943,0.0 13.3989367,52.510885,0.0 13.3989367,52.510885,0.0 2.336525398,48.8365091,0.0 2.336525398,48.8365091,0.0 16.3725042,48.2083537,0.0 16.3725042,48.2083537,0.0 11.5753822,48.1371079,0.0 11.5753822,48.1371079,0.0 8.2439848,50.0698313,0.0 8.2439848,50.0698313,0.0 6.959974,50.938361,0.0 6.959974,50.938361,0.0 6.58094986,46.5225695,0.0 6.58094986,46.5225695,0.0 8.656394,47.4133024,0.0 8.656394,47.4133024,0.0 4.877929688,52.36889171,0.0 4.877929688,52.36889171,0.0 7.2196635,51.4818111,0.0 7.2196635,51.4818111,0.0 14.286198,48.3059078,0.0 14.286198,48.3059078,0.0 9.1658915,45.5183611,0.0 9.1658915,45.5183611,0.0 2.336525398,48.8365091,0.0 2.336525398,48.8365091,0.0 -3.7035825,40.4167047,0.0 -3.7035825,40.4167047,0.0 -3.7035825,40.4167047,0.0 -3.7035825,40.4167047,0.0 2.177073,41.3825802,0.0 2.177073,41.3825802,0.0 -2.9350039,43.2630018,0.0 -2.9350039,43.2630018,0.0 43.3027326,43.3027326,0.0 43.3027326,43.3027326,0.0 2.177073,41.3825802,0.0 2.177073,41.3825802,0.0 -0.0919983,51.5156177,0.0 -0.0919983,51.5156177,0.0 -1.555110999,53.8057925,0.0 -1.555110999,53.8057925,0.0 -1.096896755,50.79144385,0.0 -1.096896755,50.79144385,0.0 -0.0919983,51.5156177,0.0 -0.0919983,51.5156177,0.0 -1.096896755,50.79144385,0.0 -1.096896755,50.79144385,0.0 -0.0919983,51.5156177,0.0 -0.0919983,51.5156177,0.0 21.4319213,41.9961816,0.0 21.4319213,41.9961816,0.0 23.3217359,42.6977028,0.0 23.3217359,42.6977028,0.0 -0.0919983,51.5156177,0.0 -0.0919983,51.5156177,0.0 21.4319213,41.9961816,0.0 21.4319213,41.9961816,0.0 -1.555110999,53.8057925,0.0 -1.555110999,53.8057925,0.0 16.3946914,40.534742,0.0 16.3946914,40.534742,0.0 16.3946914,40.534742,0.0 16.3946914,40.534742,0.0 -0.0919983,51.5156177,0.0 -0.0919983,51.5156177,0.0 2.336525398,48.8365091,0.0 2.336525398,48.8365091,0.0 -1.555110999,53.8057925,0.0 -1.555110999,53.8057925,0.0 -118.1671415,34.0664949,0.0 -118.1671415,34.0664949,0.0 -2.233085819,53.46602255,0.0 -2.233085819,53.46602255,0.0 -118.4468503,34.07087775,0.0 -118.4468503,34.07087775,0.0 -1.555110999,53.8057925,0.0 -1.555110999,53.8057925,0.0 -118.1671415,34.0664949,0.0 -118.1671415,34.0664949,0.0 4.877929688,52.36889171,0.0 4.877929688,52.36889171,0.0 2.336525398,48.8365091,0.0 2.336525398,48.8365091,0.0 6.2581282,46.4943826,0.0 6.2581282,46.4943826,0.0 2.336525398,48.8365091,0.0 2.336525398,48.8365091,0.0 2.336525398,48.8365091,0.0 2.336525398,48.8365091,0.0 2.336525398,48.8365091,0.0 2.336525398,48.8365091,0.0 2.336525398,48.8365091,0.0 2.336525398,48.8365091,0.0 -1.555110999,53.8057925,0.0 -1.555110999,53.8057925,0.0 19.5060937,47.1817585,0.0 19.5060937,47.1817585,0.0 19.8451756,45.2551338,0.0 19.8451756,45.2551338,0.0 15.41718857,47.07221215,0.0 15.41718857,47.07221215,0.0 13.0464806,47.7981346,0.0 13.0464806,47.7981346,0.0 6.135218987,49.6097838,0.0 6.135218987,49.6097838,0.0 -1.33280428,50.67108245,0.0 -1.33280428,50.67108245,0.0 4.6111981,52.4574236,0.0 4.6111981,52.4574236,0.0 7.8585139,46.6855231,0.0 7.8585139,46.6855231,0.0 4.877929688,52.36889171,0.0 4.877929688,52.36889171,0.0 7.1024635,50.7352621,0.0 7.1024635,50.7352621,0.0 14.44645927,50.0596288,0.0 14.44645927,50.0596288,0.0 17.1093063,48.1516988,0.0 17.1093063,48.1516988,0.0 12.03975228,54.1334408,0.0 12.03975228,54.1334408,0.0 13.0001566,55.6052931,0.0 13.0001566,55.6052931,0.0 11.9670171,57.7072326,0.0 11.9670171,57.7072326,0.0 10.28320313,59.48972604,0.0 10.28320313,59.48972604,0.0 12.5913413,59.6535089,0.0 12.5913413,59.6535089,0.0 10.4080715,59.2677363,0.0 10.4080715,59.2677363,0.0 10.4080715,59.2677363,0.0 10.4080715,59.2677363,0.0 18.91541752,69.68187245,0.0 18.91541752,69.68187245,0.0 18.91541752,69.68187245,0.0 18.91541752,69.68187245,0.0 -118.4468503,34.07087775,0.0 -118.4468503,34.07087775,0.0 -118.4468503,34.07087775,0.0 -118.4468503,34.07087775,0.0 -122.3187983,47.60950425,0.0 -122.3187983,47.60950425,0.0 -114.057541,51.0456064,0.0 -114.057541,51.0456064,0.0 -114.057541,51.0456064,0.0 -114.057541,51.0456064,0.0 -79.39775966,43.663462,0.0 -79.39775966,43.663462,0.0 -114.057541,51.0456064,0.0 -114.057541,51.0456064,0.0 -2.233085819,53.46602255,0.0 -2.233085819,53.46602255,0.0 -113.491241,53.5462055,0.0 -113.491241,53.5462055,0.0 -1.555110999,53.8057925,0.0 -1.555110999,53.8057925,0.0 -75.16298929,39.9527237,0.0 -75.16298929,39.9527237,0.0 -104.6158764,50.4479733,0.0 -104.6158764,50.4479733,0.0 -114.057541,51.0456064,0.0 -114.057541,51.0456064,0.0 -79.39775966,43.663462,0.0 -79.39775966,43.663462,0.0 -97.1384584,49.8955367,0.0 -97.1384584,49.8955367,0.0 -2.233085819,53.46602255,0.0 -2.233085819,53.46602255,0.0 -84.3898151,33.7544657,0.0 -84.3898151,33.7544657,0.0 -93.22092805,44.87801905,0.0 -93.22092805,44.87801905,0.0 -93.22092805,44.87801905,0.0 -93.22092805,44.87801905,0.0 -87.6244212,41.8755616,0.0 -87.6244212,41.8755616,0.0 -83.0466403,42.3315509,0.0 -83.0466403,42.3315509,0.0 -79.39775966,43.663462,0.0 -79.39775966,43.663462,0.0 -81.243372,42.9832406,0.0 -81.243372,42.9832406,0.0 -80.5222961,43.4652699,0.0 -80.5222961,43.4652699,0.0 -79.39775966,43.663462,0.0 -79.39775966,43.663462,0.0 -79.86920679,43.25311865,0.0 -79.86920679,43.25311865,0.0 -75.6901106,45.4208777,0.0 -75.6901106,45.4208777,0.0 -71.8258668,52.4760892,0.0 -71.8258668,52.4760892,0.0 -73.5698065,45.5031824,0.0 -73.5698065,45.5031824,0.0 -73.5698065,45.5031824,0.0 -73.5698065,45.5031824,0.0 -70.2586618,43.6573605,0.0 -70.2586618,43.6573605,0.0 -73.99501481,40.7292053,0.0 -73.99501481,40.7292053,0.0 -73.2637258,41.1412078,0.0 -73.2637258,41.1412078,0.0 -73.99501481,40.7292053,0.0 -73.99501481,40.7292053,0.0 -77.0365427,38.8950368,0.0 -77.0365427,38.8950368,0.0 -97.73393515,30.2851494,0.0 -97.73393515,30.2851494,0.0 -84.3898151,33.7544657,0.0 -84.3898151,33.7544657,0.0 -81.3790304,28.5421109,0.0 -81.3790304,28.5421109,0.0 -80.19362,25.7741728,0.0 -80.19362,25.7741728,0.0 -82.3249846,29.6519684,0.0 -82.3249846,29.6519684,0.0 -81.5356463,35.2923513,0.0 -81.5356463,35.2923513,0.0 -2.233085819,53.46602255,0.0 -2.233085819,53.46602255,0.0 -1.555110999,53.8057925,0.0 -1.555110999,53.8057925,0.0 -2.233085819,53.46602255,0.0 -2.233085819,53.46602255,0.0 -118.4468503,34.07087775,0.0 -118.4468503,34.07087775,0.0 -1.555110999,53.8057925,0.0 -1.555110999,53.8057925,0.0 -118.4468503,34.07087775,0.0 -118.4468503,34.07087775,0.0 -2.233085819,53.46602255,0.0 -2.233085819,53.46602255,0.0 -2.1477653,52.9033037,0.0 -2.1477653,52.9033037,0.0 -79.39775966,43.663462,0.0 -79.39775966,43.663462,0.0 -1.555110999,53.8057925,0.0 -1.555110999,53.8057925,0.0 -1.555110999,53.8057925,0.0 -1.555110999,53.8057925,0.0 -118.4468503,34.07087775,0.0 -118.4468503,34.07087775,0.0 -112.074141,33.4484367,0.0 -112.074141,33.4484367,0.0 -109.92006,22.8938884,0.0 -109.92006,22.8938884,0.0 -112.074141,33.4484367,0.0 -112.074141,33.4484367,0.0 -97.73393515,30.2851494,0.0 -97.73393515,30.2851494,0.0 -84.3898151,33.7544657,0.0 -84.3898151,33.7544657,0.0 4.877929688,52.36889171,0.0 4.877929688,52.36889171,0.0 -1.555110999,53.8057925,0.0 -1.555110999,53.8057925,0.0 -1.555110999,53.8057925,0.0 -1.555110999,53.8057925,0.0 -118.4468503,34.07087775,0.0 -118.4468503,34.07087775,0.0 -0.0919983,51.5156177,0.0 -0.0919983,51.5156177,0.0 8.656394,47.4133024,0.0 8.656394,47.4133024,0.0 -2.233085819,53.46602255,0.0 -2.233085819,53.46602255,0.0 -118.4468503,34.07087775,0.0 -118.4468503,34.07087775,0.0 -93.22092805,44.87801905,0.0 -93.22092805,44.87801905,0.0 -1.555110999,53.8057925,0.0 -1.555110999,53.8057925,0.0 -79.39775966,43.663462,0.0 -79.39775966,43.663462,0.0 -118.4468503,34.07087775,0.0 -118.4468503,34.07087775,0.0 -75.16298929,39.9527237,0.0 -75.16298929,39.9527237,0.0 -97.73393515,30.2851494,0.0 -97.73393515,30.2851494,0.0 -112.074141,33.4484367,0.0 -112.074141,33.4484367,0.0 -118.4468503,34.07087775,0.0 -118.4468503,34.07087775,0.0 -1.555110999,53.8057925,0.0 -1.555110999,53.8057925,0.0 -0.0919983,51.5156177,0.0 -0.0919983,51.5156177,0.0 -0.0919983,51.5156177,0.0 -0.0919983,51.5156177,0.0 -118.4468503,34.07087775,0.0 -118.4468503,34.07087775,0.0 -97.73393515,30.2851494,0.0 -97.73393515,30.2851494,0.0 -112.074141,33.4484367,0.0 -112.074141,33.4484367,0.0 -118.4468503,34.07087775,0.0 -118.4468503,34.07087775,0.0 -118.4468503,34.07087775,0.0 -118.4468503,34.07087775,0.0 -73.99501481,40.7292053,0.0 -73.99501481,40.7292053,0.0 -1.555110999,53.8057925,0.0 -1.555110999,53.8057925,0.0 -118.4468503,34.07087775,0.0 -118.4468503,34.07087775,0.0 -1.555110999,53.8057925,0.0 -1.555110999,53.8057925,0.0 -1.555110999,53.8057925,0.0 -1.555110999,53.8057925,0.0 -1.555110999,53.8057925,0.0 -1.555110999,53.8057925,0.0 -1.555110999,53.8057925,0.0 -1.555110999,53.8057925,0.0 -1.555110999,53.8057925,0.0 -1.555110999,53.8057925,0.0 -1.555110999,53.8057925,0.0 -1.555110999,53.8057925,0.0 -97.73393515,30.2851494,0.0 -97.73393515,30.2851494,0.0 -118.4468503,34.07087775,0.0 -118.4468503,34.07087775,0.0 -83.0466403,42.3315509,0.0 -83.0466403,42.3315509,0.0 2.336525398,48.8365091,0.0 2.336525398,48.8365091,0.0 2.336525398,48.8365091,0.0 2.336525398,48.8365091,0.0 -1.555110999,53.8057925,0.0 -1.555110999,53.8057925,0.0 -98.4951405,29.4246002,0.0 -98.4951405,29.4246002,0.0 -97.73393515,30.2851494,0.0 -97.73393515,30.2851494,0.0 -118.4468503,34.07087775,0.0 -118.4468503,34.07087775,0.0 -2.233085819,53.46602255,0.0 -2.233085819,53.46602255,0.0 -120.212613,47.2868352,0.0 -120.212613,47.2868352,0.0 -84.3898151,33.7544657,0.0 -84.3898151,33.7544657,0.0 -94.1574328,36.0625843,0.0 -94.1574328,36.0625843,0.0 -77.86907744,34.2249827,0.0 -77.86907744,34.2249827,0.0 -97.73393515,30.2851494,0.0 -97.73393515,30.2851494,0.0 -84.3898151,33.7544657,0.0 -84.3898151,33.7544657,0.0 -97.73393515,30.2851494,0.0 -97.73393515,30.2851494,0.0 -1.555110999,53.8057925,0.0 -1.555110999,53.8057925,0.0 -1.555110999,53.8057925,0.0 -1.555110999,53.8057925,0.0 -118.4468503,34.07087775,0.0 -118.4468503,34.07087775,0.0 -118.4468503,34.07087775,0.0 -118.4468503,34.07087775,0.0 2.336525398,48.8365091,0.0 2.336525398,48.8365091,0.0 -1.555110999,53.8057925,0.0 -1.555110999,53.8057925,0.0 -118.4468503,34.07087775,0.0 -118.4468503,34.07087775,0.0 -1.555110999,53.8057925,0.0 -1.555110999,53.8057925,0.0 -6.247274062,53.42829155,0.0 -6.247274062,53.42829155,0.0 -118.4468503,34.07087775,0.0 -118.4468503,34.07087775,0.0 -118.4468503,34.07087775,0.0 -118.4468503,34.07087775,0.0 2.336525398,48.8365091,0.0 2.336525398,48.8365091,0.0 -1.555110999,53.8057925,0.0 -1.555110999,53.8057925,0.0 -0.0919983,51.5156177,0.0 -0.0919983,51.5156177,0.0 -118.4468503,34.07087775,0.0 -118.4468503,34.07087775,0.0 -1.555110999,53.8057925,0.0 -1.555110999,53.8057925,0.0 -118.4468503,34.07087775,0.0 -118.4468503,34.07087775,0.0 2.336525398,48.8365091,0.0 2.336525398,48.8365091,0.0 -1.555110999,53.8057925,0.0 -1.555110999,53.8057925,0.0 -73.99501481,40.7292053,0.0 -73.99501481,40.7292053,0.0 -0.0919983,51.5156177,0.0 -0.0919983,51.5156177,0.0 -73.99501481,40.7292053,0.0 -73.99501481,40.7292053,0.0 -73.99501481,40.7292053,0.0 -73.99501481,40.7292053,0.0 -73.99501481,40.7292053,0.0 -73.99501481,40.7292053,0.0 -0.0919983,51.5156177,0.0 -0.0919983,51.5156177,0.0 -118.4468503,34.07087775,0.0 -118.4468503,34.07087775,0.0 -1.555110999,53.8057925,0.0 -1.555110999,53.8057925,0.0 -0.0919983,51.5156177,0.0 -0.0919983,51.5156177,0.0 -0.0919983,51.5156177,0.0 -0.0919983,51.5156177,0.0 -1.555110999,53.8057925,0.0 -1.555110999,53.8057925,0.0 -0.0919983,51.5156177,0.0 -0.0919983,51.5156177,0.0 -1.555110999,53.8057925,0.0 -1.555110999,53.8057925,0.0 -0.0919983,51.5156177,0.0 -0.0919983,51.5156177,0.0 -1.555110999,53.8057925,0.0 -1.555110999,53.8057925,0.0 -0.0919983,51.5156177,0.0 -0.0919983,51.5156177,0.0 -1.555110999,53.8057925,0.0 -1.555110999,53.8057925,0.0</coordinates>
    </LineString>
  </Placemark>

</Document>
</kml>
